sample_index,ch1_raw,ch1_squared,ch1_absval,ch1_unfiltered,ch2_raw,ch2_squared,ch2_absval,ch2_unfiltered,ch3_raw,ch3_squared,ch3_absval,ch3_unfiltered,ppg
n_contributing,120,120,120,120,0,0,0,0,0,0,0,0,120
0,-0.137569118,0.041584922,0.0907868123,-0.137569118,,,,,,,,,-0.0968834805
1,-0.140706563,0.0418445321,0.0926283087,-0.140706563,,,,,,,,,-0.0966494515
2,-0.143916063,0.042065811,0.0943745867,-0.143916063,,,,,,,,,-0.0968179583
3,-0.146439365,0.0422383975,0.0960099117,-0.146439365,,,,,,,,,-0.0970483954
4,-0.148453721,0.0428937513,0.0975374321,-0.148453721,,,,,,,,,-0.0971782271
5,-0.149506574,0.0432212388,0.0989915794,-0.149506574,,,,,,,,,-0.0973013824
6,-0.151536506,0.0439767032,0.0999868334,-0.151536506,,,,,,,,,-0.0970282957
7,-0.153465208,0.0446322599,0.101196606,-0.153465208,,,,,,,,,-0.0969652321
8,-0.153999531,0.0447234834,0.103032267,-0.153999531,,,,,,,,,-0.096769852
9,-0.155158172,0.04485067,0.104369247,-0.155158172,,,,,,,,,-0.0965989685
10,-0.155929642,0.0450159402,0.104774274,-0.155929642,,,,,,,,,-0.0962988616
11,-0.157260134,0.0451968656,0.106454486,-0.157260134,,,,,,,,,-0.0962602197
12,-0.158532513,0.0452980893,0.107005479,-0.158532513,,,,,,,,,-0.0959977668
13,-0.159441972,0.0453116586,0.107237174,-0.159441972,,,,,,,,,-0.0958616824
14,-0.161462521,0.0454536618,0.108165482,-0.161462521,,,,,,,,,-0.0956919905
15,-0.162449575,0.0457781771,0.109064136,-0.162449575,,,,,,,,,-0.0953621179
16,-0.1638418,0.0460476177,0.110482461,-0.1638418,,,,,,,,,-0.0949118625
17,-0.164862812,0.0462277294,0.110864152,-0.164862812,,,,,,,,,-0.0944853849
18,-0.165700122,0.046436571,0.111080431,-0.165700122,,,,,,,,,-0.0940807253
19,-0.166407778,0.0465424428,0.111514311,-0.166407778,,,,,,,,,-0.0936951944
20,-0.167444028,0.0468364479,0.113335697,-0.167444028,,,,,,,,,-0.0931948183
21,-0.168167887,0.0473414508,0.114666547,-0.168167887,,,,,,,,,-0.0927617482
22,-0.170067989,0.0476846408,0.115558088,-0.170067989,,,,,,,,,-0.0923911351
23,-0.171017358,0.0481556211,0.116371978,-0.171017358,,,,,,,,,-0.0919683084
24,-0.172171261,0.0484338266,0.117563132,-0.172171261,,,,,,,,,-0.0915527513
25,-0.173382491,0.0486267615,0.119296286,-0.173382491,,,,,,,,,-0.0911748996
26,-0.17482343,0.0489524446,0.120158856,-0.17482343,,,,,,,,,-0.090766747
27,-0.176175421,0.0494396923,0.12003844,-0.176175421,,,,,,,,,-0.0903562336
28,-0.178265973,0.0496667214,0.120321475,-0.178265973,,,,,,,,,-0.0899064983
29,-0.179718351,0.0498099158,0.120848131,-0.179718351,,,,,,,,,-0.0895033049
30,-0.180433037,0.0497621207,0.121448539,-0.180433037,,,,,,,,,-0.0890601229
31,-0.180911986,0.0496587936,0.121779338,-0.180911986,,,,,,,,,-0.0886064454
32,-0.181390277,0.0495054763,0.122238121,-0.181390277,,,,,,,,,-0.088148309
33,-0.182485437,0.0494462163,0.123968552,-0.182485437,,,,,,,,,-0.0876504969
34,-0.183357857,0.0499415708,0.12542839,-0.183357857,,,,,,,,,-0.0871445473
35,-0.184392474,0.0501166389,0.125961607,-0.184392474,,,,,,,,,-0.08661836
36,-0.185520891,0.0501753287,0.127193782,-0.185520891,,,,,,,,,-0.0860664629
37,-0.185950002,0.0504988042,0.12905098,-0.185950002,,,,,,,,,-0.0854749143
38,-0.185811301,0.0507945916,0.130719769,-0.185811301,,,,,,,,,-0.0848688197
39,-0.186578873,0.0509965825,0.131574175,-0.186578873,,,,,,,,,-0.0842429047
40,-0.187493814,0.051333846,0.131603303,-0.187493814,,,,,,,,,-0.0835832329
41,-0.18852779,0.051583323,0.13170909,-0.18852779,,,,,,,,,-0.0828945647
42,-0.187969087,0.051449715,0.131260429,-0.187969087,,,,,,,,,-0.0821781598
43,-0.188638012,0.0513131625,0.131546465,-0.188638012,,,,,,,,,-0.0814216818
44,-0.190450125,0.051305012,0.13221966,-0.190450125,,,,,,,,,-0.0806264907
45,-0.190486016,0.0513607934,0.13270474,-0.190486016,,,,,,,,,-0.0798070608
46,-0.190048967,0.0512659335,0.133328489,-0.190048967,,,,,,,,,-0.0789646096
47,-0.190731809,0.0518724926,0.133734794,-0.190731809,,,,,,,,,-0.0780758607
48,-0.190932511,0.0523986635,0.133495824,-0.190932511,,,,,,,,,-0.077152425
49,-0.191734781,0.0529516585,0.134016769,-0.191734781,,,,,,,,,-0.0761947567
50,-0.192423665,0.0535158678,0.134425951,-0.192423665,,,,,,,,,-0.0752024962
51,-0.192658589,0.0534778791,0.134620953,-0.192658589,,,,,,,,,-0.0741841866
52,-0.191796045,0.0533779797,0.134106515,-0.191796045,,,,,,,,,-0.0731378952
53,-0.191053714,0.0534779917,0.134807637,-0.191053714,,,,,,,,,-0.0720518267
54,-0.192219785,0.0532254648,0.134786449,-0.192219785,,,,,,,,,-0.0709298254
55,-0.192011444,0.0530348162,0.135117225,-0.192011444,,,,,,,,,-0.0697752647
56,-0.191321036,0.0528676612,0.135179601,-0.191321036,,,,,,,,,-0.0685954871
57,-0.191345258,0.0527656529,0.13545656,-0.191345258,,,,,,,,,-0.0673825237
58,-0.191940066,0.052632726,0.135617238,-0.191940066,,,,,,,,,-0.0661450964
59,-0.192748153,0.0524977498,0.135367967,-0.192748153,,,,,,,,,-0.0648679887
60,-0.193928378,0.0526208968,0.135405776,-0.193928378,,,,,,,,,-0.063557782
61,-0.194713608,0.0526685399,0.136111342,-0.194713608,,,,,,,,,-0.0622199553
62,-0.194977752,0.0527418149,0.13644737,-0.194977752,,,,,,,,,-0.060846193
63,-0.193961165,0.0528942282,0.135959109,-0.193961165,,,,,,,,,-0.0594480091
64,-0.193353467,0.0532614333,0.134927591,-0.193353467,,,,,,,,,-0.0580131514
65,-0.192524357,0.0534979466,0.135371257,-0.192524357,,,,,,,,,-0.0565479558
66,-0.192591019,0.0535977505,0.135386392,-0.192591019,,,,,,,,,-0.0550556389
67,-0.192815014,0.0536268155,0.135699052,-0.192815014,,,,,,,,,-0.0535346402
68,-0.193052139,0.053375421,0.136171319,-0.193052139,,,,,,,,,-0.0519874309
69,-0.192407375,0.0531290183,0.136626649,-0.192407375,,,,,,,,,-0.0504226764
70,-0.191991244,0.053089354,0.135773819,-0.191991244,,,,,,,,,-0.0488309439
71,-0.192242324,0.0531627237,0.135403605,-0.192242324,,,,,,,,,-0.0472188685
72,-0.192859095,0.0530122832,0.136427314,-0.192859095,,,,,,,,,-0.0455831282
73,-0.193208832,0.0528883507,0.135613965,-0.193208832,,,,,,,,,-0.0439303071
74,-0.192663514,0.0531527121,0.135364797,-0.192663514,,,,,,,,,-0.0422567641
75,-0.191912337,0.0528346864,0.134891539,-0.191912337,,,,,,,,,-0.0405669796
76,-0.191129237,0.0526883789,0.13465677,-0.191129237,,,,,,,,,-0.0388657465
77,-0.191373562,0.0530243314,0.134820229,-0.191373562,,,,,,,,,-0.0371585677
78,-0.190952455,0.0535394017,0.134957249,-0.190952455,,,,,,,,,-0.0354437309
79,-0.19073774,0.0536813386,0.134999766,-0.19073774,,,,,,,,,-0.0337263103
80,-0.190340952,0.053767202,0.134191164,-0.190340952,,,,,,,,,-0.0320039541
81,-0.190275725,0.0540786857,0.13502989,-0.190275725,,,,,,,,,-0.0302812751
82,-0.190164244,0.054238107,0.136536528,-0.190164244,,,,,,,,,-0.0285616047
83,-0.190801545,0.0544932519,0.1368537,-0.190801545,,,,,,,,,-0.0268468212
84,-0.191211995,0.0550103786,0.136504672,-0.191211995,,,,,,,,,-0.0251441395
85,-0.192148363,0.0553285491,0.136325904,-0.192148363,,,,,,,,,-0.0234489325
86,-0.192713451,0.0556724844,0.135680945,-0.192713451,,,,,,,,,-0.0217647417
87,-0.194788616,0.0561858727,0.136239169,-0.194788616,,,,,,,,,-0.0200986617
88,-0.195747956,0.0565251686,0.136264118,-0.195747956,,,,,,,,,-0.0184478083
89,-0.196289265,0.0567973361,0.136232361,-0.196289265,,,,,,,,,-0.0168145688
90,-0.196289455,0.0570047127,0.136711482,-0.196289455,,,,,,,,,-0.0152002295
91,-0.195915139,0.0569035706,0.137174823,-0.195915139,,,,,,,,,-0.0136062936
92,-0.195944139,0.0565101894,0.136160596,-0.195944139,,,,,,,,,-0.0120347059
93,-0.196265041,0.0559840202,0.135378036,-0.196265041,,,,,,,,,-0.0104789016
94,-0.194577624,0.0551769231,0.134962456,-0.194577624,,,,,,,,,-0.00894613383
95,-0.192963271,0.0541710029,0.135084248,-0.192963271,,,,,,,,,-0.00744277301
96,-0.191762246,0.0525504464,0.134730858,-0.191762246,,,,,,,,,-0.00597117683
97,-0.190259521,0.0507978399,0.133158948,-0.190259521,,,,,,,,,-0.00451257313
98,-0.188773619,0.0487054687,0.132075206,-0.188773619,,,,,,,,,-0.00307937635
99,-0.18688672,0.047121659,0.132120057,-0.18688672,,,,,,,,,-0.00166394585
100,-0.18512668,0.0445849796,0.132769384,-0.18512668,,,,,,,,,-0.000276440709
101,-0.18336498,0.0433899242,0.132581179,-0.18336498,,,,,,,,,0.00108759479
102,-0.182100009,0.0435349489,0.132394899,-0.182100009,,,,,,,,,0.00241491096
103,-0.180902233,0.0436521573,0.132363321,-0.180902233,,,,,,,,,0.0037303533
104,-0.17849341,0.0428610793,0.132019612,-0.17849341,,,,,,,,,0.00502708136
105,-0.176355294,0.0427931587,0.131974931,-0.176355294,,,,,,,,,0.00629841021
106,-0.174913577,0.0430695939,0.132709311,-0.174913577,,,,,,,,,0.00755736576
107,-0.171788286,0.0433551507,0.132702834,-0.171788286,,,,,,,,,0.00879546225
108,-0.168875739,0.0444744631,0.133876214,-0.168875739,,,,,,,,,0.00999514598
109,-0.165788473,0.0458417145,0.134912051,-0.165788473,,,,,,,,,0.0111867568
110,-0.162736681,0.0474034157,0.137583484,-0.162736681,,,,,,,,,0.0123531934
111,-0.159600355,0.0480418779,0.139069656,-0.159600355,,,,,,,,,0.0134977383
112,-0.155849308,0.048902384,0.140727671,-0.155849308,,,,,,,,,0.0146266144
113,-0.151339349,0.0525989799,0.14422466,-0.151339349,,,,,,,,,0.015737418
114,-0.146768665,0.0571580251,0.147845692,-0.146768665,,,,,,,,,0.0168247018
115,-0.142706591,0.0622520033,0.149589235,-0.142706591,,,,,,,,,0.0179025941
116,-0.137699013,0.065778166,0.152587891,-0.137699013,,,,,,,,,0.0189688236
117,-0.132690397,0.068166043,0.156074147,-0.132690397,,,,,,,,,0.0200158777
118,-0.12906769,0.0704958339,0.162897958,-0.12906769,,,,,,,,,0.0210497289
119,-0.12470446,0.074851984,0.169966392,-0.12470446,,,,,,,,,0.0220599228
120,-0.121319198,0.0799001135,0.176950947,-0.121319198,,,,,,,,,0.0230686342
121,-0.116708886,0.0853275004,0.185362933,-0.116708886,,,,,,,,,0.0240445478
122,-0.113514901,0.0936979859,0.194170928,-0.113514901,,,,,,,,,0.0249942836
123,-0.11071887,0.102139478,0.202023807,-0.11071887,,,,,,,,,0.0259383376
124,-0.107931462,0.111250158,0.210168827,-0.107931462,,,,,,,,,0.0268536248
125,-0.105176986,0.122973396,0.217982734,-0.105176986,,,,,,,,,0.0277477109
126,-0.101286405,0.136262537,0.224363835,-0.101286405,,,,,,,,,0.0286384343
127,-0.0981422012,0.144771264,0.230913227,-0.0981422012,,,,,,,,,0.0295174914
128,-0.0928437032,0.155887912,0.238190529,-0.0928437032,,,,,,,,,0.0303877025
129,-0.0858378075,0.1673715,0.244436281,-0.0858378075,,,,,,,,,0.0312203776
130,-0.0774687576,0.177895728,0.251302213,-0.0774687576,,,,,,,,,0.0320384483
131,-0.068433356,0.188922499,0.257317671,-0.068433356,,,,,,,,,0.0328341953
132,-0.0564994928,0.199746617,0.262797171,-0.0564994928,,,,,,,,,0.0336165754
133,-0.0410251196,0.206161141,0.268448331,-0.0410251196,,,,,,,,,0.0343800123
134,-0.0247066857,0.210135266,0.274528428,-0.0247066857,,,,,,,,,0.0351335837
135,-0.00525038229,0.209834848,0.279621622,-0.00525038229,,,,,,,,,0.0358560746
136,0.0169995507,0.212963158,0.28671107,0.0169995507,,,,,,,,,0.0365580376
137,0.0428716512,0.216094817,0.289895535,0.0428716512,,,,,,,,,0.0372523411
138,0.0717743045,0.222425691,0.297462159,0.0717743045,,,,,,,,,0.0379247497
139,0.102525557,0.230308091,0.309286477,0.102525557,,,,,,,,,0.0385684355
140,0.13578361,0.241754569,0.323765308,0.13578361,,,,,,,,,0.0392050721
141,0.170474446,0.255035555,0.338356414,0.170474446,,,,,,,,,0.0398400278
142,0.207967352,0.273635342,0.356342946,0.207967352,,,,,,,,,0.0404642707
143,0.246787867,0.298844323,0.381189299,0.246787867,,,,,,,,,0.0410667529
144,0.287918847,0.33577657,0.407111717,0.287918847,,,,,,,,,0.0416532231
145,0.330924451,0.378449232,0.437213186,0.330924451,,,,,,,,,0.0422154481
146,0.373617472,0.428856451,0.473122468,0.373617472,,,,,,,,,0.042772987
147,0.417165895,0.481899226,0.513600125,0.417165895,,,,,,,,,0.0433308685
148,0.460626569,0.538931356,0.555505656,0.460626569,,,,,,,,,0.0438542812
149,0.502362344,0.596668708,0.598103193,0.502362344,,,,,,,,,0.0443847012
150,0.543658135,0.6605276,0.638828844,0.543658135,,,,,,,,,0.0448952411
151,0.583330637,0.723526843,0.680126677,0.583330637,,,,,,,,,0.0453982387
152,0.621048346,0.789046154,0.721881993,0.621048346,,,,,,,,,0.045895199
153,0.657378358,0.850408568,0.759142015,0.657378358,,,,,,,,,0.0463906107
154,0.690022011,0.906316923,0.791734425,0.690022011,,,,,,,,,0.0468633334
155,0.719317294,0.960695435,0.821493221,0.719317294,,,,,,,,,0.0473226406
156,0.741824455,1.00555939,0.846431516,0.741824455,,,,,,,,,0.0477720423
157,0.75898366,1.0320716,0.866384192,0.75898366,,,,,,,,,0.0482023357
158,0.771757646,1.05179837,0.881652428,0.771757646,,,,,,,,,0.048634223
159,0.779942299,1.06250682,0.888101844,0.779942299,,,,,,,,,0.0490561605
160,0.778726656,1.06243057,0.889251885,0.778726656,,,,,,,,,0.0494872472
161,0.769133992,1.05075577,0.882842489,0.769133992,,,,,,,,,0.0499100278
162,0.753512222,1.02854367,0.86843688,0.753512222,,,,,,,,,0.0503109639
163,0.727992594,0.992726441,0.846871244,0.727992594,,,,,,,,,0.0507077045
164,0.694894784,0.947134639,0.818609833,0.694894784,,,,,,,,,0.0511098567
165,0.655656635,0.89143923,0.788732146,0.655656635,,,,,,,,,0.05150137
166,0.612569393,0.828433117,0.75247841,0.612569393,,,,,,,,,0.0518756155
167,0.565013045,0.758694038,0.715168384,0.565013045,,,,,,,,,0.0522376321
168,0.51461348,0.68564875,0.67770113,0.51461348,,,,,,,,,0.0525714392
169,0.461709963,0.608803717,0.634011323,0.461709963,,,,,,,,,0.0529329762
170,0.404639736,0.534957869,0.588030848,0.404639736,,,,,,,,,0.0532683948
171,0.347102103,0.462563359,0.541010459,0.347102103,,,,,,,,,0.0536027279
172,0.286573824,0.395205021,0.494267034,0.286573824,,,,,,,,,0.0539231096
173,0.22683446,0.337891272,0.450994833,0.22683446,,,,,,,,,0.0542418668
174,0.168596319,0.29260123,0.408632833,0.168596319,,,,,,,,,0.0545490599
175,0.110466763,0.251591758,0.369369438,0.110466763,,,,,,,,,0.0548493944
176,0.0547722099,0.213381058,0.337422598,0.0547722099,,,,,,,,,0.055159133
177,0.00126208924,0.183325926,0.308716677,0.00126208924,,,,,,,,,0.0554591959
178,-0.0490185113,0.158967808,0.28387853,-0.0490185113,,,,,,,,,0.055738112
179,-0.0946594838,0.138354937,0.264853518,-0.0946594838,,,,,,,,,0.0560183227
180,-0.13422661,0.122904513,0.25242413,-0.13422661,,,,,,,,,0.0563002001
181,-0.169169392,0.113996817,0.244947081,-0.169169392,,,,,,,,,0.0565641362
182,-0.196849145,0.109101225,0.238269596,-0.196849145,,,,,,,,,0.056809719
183,-0.217351752,0.105185968,0.234658636,-0.217351752,,,,,,,,,0.0570566554
184,-0.232700547,0.100880036,0.232063117,-0.232700547,,,,,,,,,0.0572955741
185,-0.246271421,0.098319078,0.230258753,-0.246271421,,,,,,,,,0.057531709
186,-0.254724522,0.0970049553,0.226705247,-0.254724522,,,,,,,,,0.0577600697
187,-0.260492863,0.0946450043,0.222318256,-0.260492863,,,,,,,,,0.0579837299
188,-0.262821455,0.0920789804,0.217332648,-0.262821455,,,,,,,,,0.0581918361
189,-0.260857278,0.0894069967,0.211272273,-0.260857278,,,,,,,,,0.0584015043
190,-0.258901216,0.0863512204,0.206420578,-0.258901216,,,,,,,,,0.0586066854
191,-0.254268105,0.0828117587,0.201373728,-0.254268105,,,,,,,,,0.0588108359
192,-0.247874285,0.0801654063,0.194003111,-0.247874285,,,,,,,,,0.0589981153
193,-0.241180586,0.0772792211,0.187709596,-0.241180586,,,,,,,,,0.0591751979
194,-0.233213322,0.0745130577,0.181380976,-0.233213322,,,,,,,,,0.0593629784
195,-0.225517421,0.0713318122,0.173237059,-0.225517421,,,,,,,,,0.0595410629
196,-0.217402504,0.0675610966,0.165038858,-0.217402504,,,,,,,,,0.0597195059
197,-0.208746116,0.0637750333,0.157591749,-0.208746116,,,,,,,,,0.059883733
198,-0.200861208,0.0602512554,0.151029365,-0.200861208,,,,,,,,,0.0600342285
199,-0.194416211,0.0570611686,0.144388706,-0.194416211,,,,,,,,,0.0601940556
200,-0.189504972,0.0547829595,0.138184474,-0.189504972,,,,,,,,,0.0603413833
201,-0.184442778,0.0527732896,0.132033221,-0.184442778,,,,,,,,,0.0604809428
202,-0.179107723,0.050943987,0.127232864,-0.179107723,,,,,,,,,0.0606118732
203,-0.175544596,0.0496800828,0.123301343,-0.175544596,,,,,,,,,0.0607232819
204,-0.174095811,0.0487833677,0.120205048,-0.174095811,,,,,,,,,0.0608495467
205,-0.172478881,0.0481890321,0.117298314,-0.172478881,,,,,,,,,0.0609623353
206,-0.170697654,0.0477807798,0.115493103,-0.170697654,,,,,,,,,0.0610638775
207,-0.168334128,0.0477085592,0.113485551,-0.168334128,,,,,,,,,0.061170619
208,-0.16618594,0.0475067456,0.112091927,-0.16618594,,,,,,,,,0.0612718235
209,-0.164884242,0.0474258461,0.110679672,-0.164884242,,,,,,,,,0.0613480951
210,-0.163065889,0.0474408817,0.109420682,-0.163065889,,,,,,,,,0.0614237804
211,-0.162363624,0.0473931243,0.108935204,-0.162363624,,,,,,,,,0.0614929348
212,-0.162458061,0.0471220311,0.109265913,-0.162458061,,,,,,,,,0.0615627305
213,-0.160753464,0.0468232092,0.109173199,-0.160753464,,,,,,,,,0.0616142937
214,-0.15824026,0.0464282124,0.108852759,-0.15824026,,,,,,,,,0.061661051
215,-0.156378427,0.0459852193,0.107740883,-0.156378427,,,,,,,,,0.0616901205
216,-0.155336713,0.0455525981,0.106990664,-0.155336713,,,,,,,,,0.0617224107
217,-0.155621626,0.0452476356,0.105578084,-0.155621626,,,,,,,,,0.0617502548
218,-0.156517703,0.0449424494,0.104452899,-0.156517703,,,,,,,,,0.0617637073
219,-0.155708166,0.0447543,0.103264428,-0.155708166,,,,,,,,,0.061790728
220,-0.155801823,0.0444594039,0.104327423,-0.155801823,,,,,,,,,0.0617959259
221,-0.155980731,0.0444030397,0.105632647,-0.155980731,,,,,,,,,0.0618091689
222,-0.156517334,0.0446233296,0.105920294,-0.156517334,,,,,,,,,0.0618317002
223,-0.157063206,0.04484812,0.106772694,-0.157063206,,,,,,,,,0.0618387706
224,-0.157374211,0.045155644,0.10683106,-0.157374211,,,,,,,,,0.0618329861
225,-0.15815292,0.0452976861,0.106460671,-0.15815292,,,,,,,,,0.0618261088
226,-0.158826383,0.0454166978,0.106101875,-0.158826383,,,,,,,,,0.0618111048
227,-0.159066533,0.0454526899,0.105969575,-0.159066533,,,,,,,,,0.0617962472
228,-0.158726386,0.0454399765,0.105327678,-0.158726386,,,,,,,,,0.0617800716
229,-0.15841917,0.0454113332,0.104862496,-0.15841917,,,,,,,,,0.0617571669
230,-0.156943859,0.0453440841,0.104507653,-0.156943859,,,,,,,,,0.0617251876
231,-0.156097383,0.0451604933,0.103651638,-0.156097383,,,,,,,,,0.0617011764
232,-0.155791994,0.0448897454,0.102668413,-0.155791994,,,,,,,,,0.0616535113
233,-0.154776458,0.0446456794,0.102145865,-0.154776458,,,,,,,,,0.0616121582
234,-0.154277573,0.044691855,0.101807616,-0.154277573,,,,,,,,,0.0615699401
235,-0.154181336,0.0446690364,0.102606115,-0.154181336,,,,,,,,,0.0615183535
236,-0.153310455,0.0443467067,0.103047202,-0.153310455,,,,,,,,,0.0614685368
237,-0.152744245,0.0442575214,0.102962274,-0.152744245,,,,,,,,,0.0614150413
238,-0.152461809,0.04412783,0.103187663,-0.152461809,,,,,,,,,0.0613501232
239,-0.152942007,0.0436847581,0.102867509,-0.152942007,,,,,,,,,0.0612836317
240,-0.153693399,0.0433452652,0.102494758,-0.153693399,,,,,,,,,0.0612193835
241,-0.153898697,0.0432029432,0.102226798,-0.153898697,,,,,,,,,0.0611452394
242,-0.154216297,0.0431650797,0.102732292,-0.154216297,,,,,,,,,0.0610589205
243,-0.154858889,0.0424866589,0.102842046,-0.154858889,,,,,,,,,0.0609780595
244,-0.154728656,0.0419714065,0.102910542,-0.154728656,,,,,,,,,0.0608955361
245,-0.15445343,0.0415353274,0.102884093,-0.15445343,,,,,,,,,0.0607982842
246,-0.152969234,0.0411778575,0.102378727,-0.152969234,,,,,,,,,0.0606934323
247,-0.15129933,0.0408640596,0.101392445,-0.15129933,,,,,,,,,0.0605757905
248,-0.150070009,0.0404406789,0.0997448661,-0.150070009,,,,,,,,,0.0604594965
249,-0.14931896,0.0400915554,0.0990188324,-0.14931896,,,,,,,,,0.0603376904
250,-0.14797029,0.039733932,0.0983812216,-0.14797029,,,,,,,,,0.0601849444
251,-0.146892862,0.0395478387,0.0969782165,-0.146892862,,,,,,,,,0.060040735
252,-0.145542267,0.0393414299,0.0959495967,-0.145542267,,,,,,,,,0.0599142632
253,-0.145015012,0.0391548459,0.0951366198,-0.145015012,,,,,,,,,0.059776994
254,-0.144927831,0.0390284001,0.0947493611,-0.144927831,,,,,,,,,0.0596181529
255,-0.144896198,0.0389229424,0.0942413598,-0.144896198,,,,,,,,,0.059465603
256,-0.145136558,0.038743675,0.0936031581,-0.145136558,,,,,,,,,0.0592967155
257,-0.145683871,0.038609947,0.0932595249,-0.145683871,,,,,,,,,0.0591284106
258,-0.14523894,0.0384333172,0.0933700329,-0.14523894,,,,,,,,,0.0589478059
259,-0.144757129,0.0382306149,0.0936359689,-0.144757129,,,,,,,,,0.0587628203
260,-0.144548616,0.0380891573,0.0939085995,-0.144548616,,,,,,,,,0.0585775135
261,-0.144577814,0.038064626,0.0946910233,-0.144577814,,,,,,,,,0.0583776156
262,-0.144232881,0.0391483867,0.0950356177,-0.144232881,,,,,,,,,0.0581756322
263,-0.143336669,0.0394594777,0.0949639386,-0.143336669,,,,,,,,,0.0579762874
264,-0.142938226,0.0400662664,0.094218332,-0.142938226,,,,,,,,,0.0577858304
265,-0.141914561,0.0407992351,0.0934164025,-0.141914561,,,,,,,,,0.0575895148
266,-0.141682736,0.0409731805,0.0935271262,-0.141682736,,,,,,,,,0.0573826093
267,-0.141478681,0.0410098401,0.0930885637,-0.141478681,,,,,,,,,0.0571627031
268,-0.141733649,0.0404387761,0.092877387,-0.141733649,,,,,,,,,0.0569380297
269,-0.140628612,0.040520619,0.0921859702,-0.140628612,,,,,,,,,0.0567100433
270,-0.140198527,0.0406520137,0.0916973937,-0.140198527,,,,,,,,,0.0564886638
271,-0.140086611,0.0406211971,0.0911725331,-0.140086611,,,,,,,,,0.0562665857
272,-0.140323951,0.0407551625,0.0911650379,-0.140323951,,,,,,,,,0.0560404231
273,-0.140626073,0.0408016842,0.0913395365,-0.140626073,,,,,,,,,0.0557965319
274,-0.140402772,0.0406802776,0.0910954388,-0.140402772,,,,,,,,,0.0555588515
275,-0.139566291,0.0407427104,0.0909986421,-0.139566291,,,,,,,,,0.0553301954
276,-0.138134916,0.0409400818,0.0901861904,-0.138134916,,,,,,,,,0.0550888866
277,-0.137324694,0.0408757957,0.0896080127,-0.137324694,,,,,,,,,0.054834791
278,-0.136376319,0.0407556149,0.0889492733,-0.136376319,,,,,,,,,0.0545821962
279,-0.135867933,0.040461463,0.0885065649,-0.135867933,,,,,,,,,0.0543239876
280,-0.135477193,0.0401272409,0.0881001007,-0.135477193,,,,,,,,,0.0540658728
281,-0.134837755,0.0396181446,0.088403174,-0.134837755,,,,,,,,,0.0537890979
282,-0.133838607,0.0388786537,0.0887852178,-0.133838607,,,,,,,,,0.0534951087
283,-0.134279814,0.0385560632,0.087467048,-0.134279814,,,,,,,,,0.0532018916
284,-0.133807556,0.0384488239,0.0865253815,-0.133807556,,,,,,,,,0.052916199
285,-0.133696134,0.0383941994,0.0855111481,-0.133696134,,,,,,,,,0.0526278181
286,-0.133516711,0.0383811646,0.0859400081,-0.133516711,,,,,,,,,0.0523300956
287,-0.13295574,0.0383481727,0.0863633812,-0.13295574,,,,,,,,,0.0520219094
288,-0.131809667,0.0384451621,0.0860918718,-0.131809667,,,,,,,,,0.05171596
289,-0.130922326,0.0382861432,0.0863863368,-0.130922326,,,,,,,,,0.0513916084
290,-0.130273501,0.0381474997,0.0859572162,-0.130273501,,,,,,,,,0.0510566905
291,-0.130099823,0.0380995946,0.0856601714,-0.130099823,,,,,,,,,0.0507279284
292,-0.12996998,0.0382064337,0.0845797023,-0.12996998,,,,,,,,,0.050396896
293,-0.130134314,0.0386565014,0.0853862601,-0.130134314,,,,,,,,,0.0500360111
294,-0.129500675,0.0391174425,0.0856264537,-0.129500675,,,,,,,,,0.0496707051
295,-0.127976635,0.0394276882,0.0845817844,-0.127976635,,,,,,,,,0.0493115466
296,-0.127091301,0.0393986857,0.0833466863,-0.127091301,,,,,,,,,0.0489301765
297,-0.126745149,0.0390669063,0.081791678,-0.126745149,,,,,,,,,0.0485559409
298,-0.125774269,0.0387948879,0.0802846022,-0.125774269,,,,,,,,,0.048179349
299,-0.124882662,0.038497414,0.0782259158,-0.124882662,,,,,,,,,0.0478035302
300,-0.123948728,0.0381608466,0.0765752618,-0.123948728,,,,,,,,,0.0474321257
301,-0.123096135,0.037878669,0.0766663105,-0.123096135,,,,,,,,,0.0470578476
302,-0.122371498,0.0376507421,0.0766075039,-0.122371498,,,,,,,,,0.046672103
303,-0.121981298,0.0372888343,0.0763010362,-0.121981298,,,,,,,,,0.0462923038
304,-0.121555396,0.0368414247,0.0754695766,-0.121555396,,,,,,,,,0.0459172539
305,-0.120611544,0.0366181542,0.0745057804,-0.120611544,,,,,,,,,0.0455178245
306,-0.120766768,0.0364240085,0.0745213366,-0.120766768,,,,,,,,,0.0451086113
307,-0.12103923,0.0362077373,0.0749018892,-0.12103923,,,,,,,,,0.0447114336
308,-0.120861953,0.0360998021,0.0752110628,-0.120861953,,,,,,,,,0.0442947464
309,-0.120291873,0.0357748575,0.0748954245,-0.120291873,,,,,,,,,0.0438640874
310,-0.119830577,0.0355435763,0.074233211,-0.119830577,,,,,,,,,0.0434292949
311,-0.11897141,0.0353562847,0.0732315857,-0.11897141,,,,,,,,,0.0429800994
312,-0.117448074,0.035003413,0.0727666312,-0.117448074,,,,,,,,,0.0425436106
313,-0.117078214,0.0347595461,0.0717474998,-0.117078214,,,,,,,,,0.0421172831
314,-0.116378705,0.0347413395,0.0708545566,-0.116378705,,,,,,,,,0.0416754648
315,-0.115091801,0.0348202792,0.0703160634,-0.115091801,,,,,,,,,0.0412001219
316,-0.113806363,0.0350235084,0.0694158069,-0.113806363,,,,,,,,,0.0407150416
317,-0.112308703,0.0350485785,0.0683489074,-0.112308703,,,,,,,,,0.040228243
318,-0.110411151,0.0350497375,0.0678419675,-0.110411151,,,,,,,,,0.0397413572
319,-0.108310766,0.0351963975,0.0666998524,-0.108310766,,,,,,,,,0.039249593
320,-0.106393308,0.0347983221,0.0652294947,-0.106393308,,,,,,,,,0.0387603748
321,-0.105162387,0.0346898561,0.0644026336,-0.105162387,,,,,,,,,0.0382587002
322,-0.104845749,0.034845314,0.0634810365,-0.104845749,,,,,,,,,0.0377581117
323,-0.10363951,0.0344476401,0.0626293083,-0.10363951,,,,,,,,,0.0372486124
324,-0.102954992,0.0340787771,0.0621637238,-0.102954992,,,,,,,,,0.0367251341
325,-0.102241195,0.0338115629,0.0616629546,-0.102241195,,,,,,,,,0.0361769008
326,-0.101553744,0.0335844953,0.0616420155,-0.101553744,,,,,,,,,0.0356353138
327,-0.0999652491,0.0332726881,0.0607233713,-0.0999652491,,,,,,,,,0.0350983043
328,-0.0985835518,0.0330399498,0.0599806738,-0.0985835518,,,,,,,,,0.0345582415
329,-0.0975421158,0.0327486774,0.0594164383,-0.0975421158,,,,,,,,,0.0339921103
330,-0.0958464927,0.0324850581,0.0594714644,-0.0958464927,,,,,,,,,0.0334299421
331,-0.0937853314,0.0318245248,0.059049915,-0.0937853314,,,,,,,,,0.0328650469
332,-0.0920960816,0.0308232292,0.0576725788,-0.0920960816,,,,,,,,,0.0323016644
333,-0.0906667237,0.0298269476,0.0572939475,-0.0906667237,,,,,,,,,0.0317305741
334,-0.0892269687,0.029484593,0.0567153005,-0.0892269687,,,,,,,,,0.0311562644
335,-0.0883361923,0.0292728046,0.0556223813,-0.0883361923,,,,,,,,,0.0305746254
336,-0.0875753375,0.0293626625,0.0548828703,-0.0875753375,,,,,,,,,0.0299977769
337,-0.0869964738,0.0295913007,0.0544816639,-0.0869964738,,,,,,,,,0.0294277627
338,-0.0857380731,0.0296236126,0.0534173658,-0.0857380731,,,,,,,,,0.0288392245
339,-0.0846834505,0.0297347983,0.053179808,-0.0846834505,,,,,,,,,0.0282510732
340,-0.0836258182,0.0298066974,0.0522363892,-0.0836258182,,,,,,,,,0.0276619524
341,-0.0827430021,0.0298441354,0.0510002513,-0.0827430021,,,,,,,,,0.0270835844
342,-0.0810123413,0.0297681544,0.0490669461,-0.0810123413,,,,,,,,,0.0265090555
343,-0.0791542202,0.0296380244,0.0478250347,-0.0791542202,,,,,,,,,0.0259221438
344,-0.0764152443,0.0295661777,0.0470924967,-0.0764152443,,,,,,,,,0.025327488
345,-0.0733958879,0.029417004,0.0467090993,-0.0733958879,,,,,,,,,0.0247281493
346,-0.0713890997,0.029343061,0.0461021659,-0.0713890997,,,,,,,,,0.0241396977
347,-0.0691312762,0.0294294092,0.0456710293,-0.0691312762,,,,,,,,,0.0235342902
348,-0.0673061334,0.0291479421,0.0453677471,-0.0673061334,,,,,,,,,0.0229267018
349,-0.0648313641,0.0290368329,0.0446657036,-0.0648313641,,,,,,,,,0.0223292514
350,-0.0633165549,0.0287779705,0.0441732914,-0.0633165549,,,,,,,,,0.021729172
351,-0.0619636386,0.0286851929,0.0439322962,-0.0619636386,,,,,,,,,0.0211251956
352,-0.0601317988,0.0286298494,0.0443784565,-0.0601317988,,,,,,,,,0.0205384256
353,-0.0581816884,0.0285833462,0.0434497437,-0.0581816884,,,,,,,,,0.0199370599
354,-0.0564424311,0.0288154238,0.0425671866,-0.0564424311,,,,,,,,,0.0193326304
355,-0.0531006004,0.0290343258,0.0428995861,-0.0531006004,,,,,,,,,0.0187554733
356,-0.0514109365,0.029520983,0.042931799,-0.0514109365,,,,,,,,,0.018158807
357,-0.0501610922,0.0296254023,0.0420036988,-0.0501610922,,,,,,,,,0.0175739325
358,-0.0491003022,0.0296839582,0.0415363892,-0.0491003022,,,,,,,,,0.0169834206
359,-0.0471846025,0.0298192263,0.041270755,-0.0471846025,,,,,,,,,0.016382384
360,-0.0447354036,0.0299751357,0.0412169067,-0.0447354036,,,,,,,,,0.0157822965
361,-0.0419099506,0.0298000241,0.0415455895,-0.0419099506,,,,,,,,,0.0151916781
362,-0.0392538904,0.0297614758,0.0422873909,-0.0392538904,,,,,,,,,0.0145923993
363,-0.0368129601,0.0296952483,0.0424466752,-0.0368129601,,,,,,,,,0.0140035914
364,-0.0345165228,0.0299549107,0.0421177349,-0.0345165228,,,,,,,,,0.0134119997
365,-0.03150605,0.030117518,0.0423079466,-0.03150605,,,,,,,,,0.0128335013
366,-0.0284009567,0.0300494071,0.0433789944,-0.0284009567,,,,,,,,,0.0122412864
367,-0.0253611292,0.0300750618,0.0450323835,-0.0253611292,,,,,,,,,0.0116635215
368,-0.0232562516,0.030229652,0.0457122912,-0.0232562516,,,,,,,,,0.0110721267
369,-0.0209860008,0.0305278372,0.0462248025,-0.0209860008,,,,,,,,,0.0104962334
370,-0.0188673242,0.0308722774,0.0472659251,-0.0188673242,,,,,,,,,0.00991248906
371,-0.0165237616,0.03111513,0.0487995092,-0.0165237616,,,,,,,,,0.00935295742
372,-0.0144853918,0.0313287555,0.0500571584,-0.0144853918,,,,,,,,,0.00878205453
373,-0.0122517335,0.0317627698,0.0508861534,-0.0122517335,,,,,,,,,0.00820731107
374,-0.00958103109,0.032137281,0.0522517061,-0.00958103109,,,,,,,,,0.00764661166
375,-0.00698573108,0.0324450125,0.0535902503,-0.00698573108,,,,,,,,,0.00708508706
376,-0.00467253248,0.0328835387,0.0551646783,-0.00467253248,,,,,,,,,0.00653386506
377,-0.0017062909,0.0334397267,0.0567663316,-0.0017062909,,,,,,,,,0.00600591631
378,0.000297093999,0.0339856798,0.0578948497,0.000297093999,,,,,,,,,0.00546209912
379,0.002744645,0.034439027,0.0591479318,0.002744645,,,,,,,,,0.00494575239
380,0.00527548301,0.0352021787,0.0602249248,0.00527548301,,,,,,,,,0.00444205409
381,0.00799659501,0.0360569861,0.062133589,0.00799659501,,,,,,,,,0.00394088968
382,0.0103626981,0.036538571,0.0641888174,0.0103626981,,,,,,,,,0.00343022388
383,0.0131216967,0.0367324438,0.0664559538,0.0131216967,,,,,,,,,0.00291925279
384,0.0159888747,0.0367996689,0.0690615796,0.0159888747,,,,,,,,,0.00241462352
385,0.018987041,0.0375376683,0.0724942241,0.018987041,,,,,,,,,0.00192705621
386,0.0216829258,0.0381369402,0.0751854512,0.0216829258,,,,,,,,,0.00144772321
387,0.025024962,0.038966086,0.0778385101,0.025024962,,,,,,,,,0.000977771534
388,0.028577333,0.0392054756,0.0804862292,0.028577333,,,,,,,,,0.000522820375
389,0.0315338095,0.0394317879,0.0829548523,0.0315338095,,,,,,,,,5.80521448e-05
390,0.0345822611,0.0397888338,0.0848202535,0.0345822611,,,,,,,,,-0.000391348644
391,0.0375318072,0.0401349149,0.0873078511,0.0375318072,,,,,,,,,-0.000832288444
392,0.0403069064,0.0405389119,0.0893070613,0.0403069064,,,,,,,,,-0.00127097356
393,0.0431000386,0.0412089197,0.0920610392,0.0431000386,,,,,,,,,-0.00169480813
394,0.0452316986,0.041610179,0.0943944245,0.0452316986,,,,,,,,,-0.00214075857
395,0.046838512,0.0426795729,0.0963774959,0.046838512,,,,,,,,,-0.00256456387
396,0.0478587572,0.0435901852,0.0979218567,0.0478587572,,,,,,,,,-0.00300474994
397,0.0503039225,0.04445588,0.100703558,0.0503039225,,,,,,,,,-0.00341468647
398,0.0528181416,0.0453076168,0.103547346,0.0528181416,,,,,,,,,-0.00382515927
399,0.0551172507,0.0460426176,0.106517321,0.0551172507,,,,,,,,,-0.00423213971
400,0.0573484323,0.0467382937,0.10913106,0.0573484323,,,,,,,,,-0.00464225689
401,0.0590489151,0.0475613568,0.111009496,0.0590489151,,,,,,,,,-0.00505012782
402,0.0609171121,0.0479789249,0.113287069,0.0609171121,,,,,,,,,-0.00545217685
403,0.0628604622,0.0487378158,0.115394116,0.0628604622,,,,,,,,,-0.00583075716
404,0.0645821764,0.0492396323,0.117715705,0.0645821764,,,,,,,,,-0.00622058612
405,0.067055015,0.0498403794,0.120289057,0.067055015,,,,,,,,,-0.00660714738
406,0.0698931421,0.0505828259,0.122358045,0.0698931421,,,,,,,,,-0.00697996641
407,0.0724215714,0.0509363362,0.123994665,0.0724215714,,,,,,,,,-0.0073535368
408,0.0746015432,0.0514237991,0.125305625,0.0746015432,,,,,,,,,-0.00773620495
409,0.0764554473,0.0516579139,0.126784646,0.0764554473,,,,,,,,,-0.00809563536
410,0.0777899476,0.0521357873,0.128429614,0.0777899476,,,,,,,,,-0.00844899269
411,0.0797829224,0.0527216954,0.129984307,0.0797829224,,,,,,,,,-0.00878734706
412,0.0812248077,0.0535929163,0.131829803,0.0812248077,,,,,,,,,-0.00913655366
413,0.0830401529,0.0543434315,0.133941708,0.0830401529,,,,,,,,,-0.00947732877
414,0.0842723639,0.0546687507,0.135200036,0.0842723639,,,,,,,,,-0.0098143335
415,0.0851743147,0.0554311879,0.136674536,0.0851743147,,,,,,,,,-0.0101352181
416,0.0861687791,0.0561025769,0.137928015,0.0861687791,,,,,,,,,-0.0104560274
417,0.087302452,0.0567303722,0.138868892,0.087302452,,,,,,,,,-0.0107821967
418,0.0886173389,0.0575531324,0.140673979,0.0886173389,,,,,,,,,-0.0110902283
419,0.0896723014,0.0583106092,0.142009893,0.0896723014,,,,,,,,,-0.011379708
420,0.0905007167,0.0590190845,0.143743363,0.0905007167,,,,,,,,,-0.011671075
421,0.0909079124,0.0593509236,0.144791379,0.0909079124,,,,,,,,,-0.0119973105
422,0.0917340038,0.0595656587,0.145632902,0.0917340038,,,,,,,,,-0.012305432
423,0.092634761,0.059882572,0.147306802,0.092634761,,,,,,,,,-0.012596257
424,0.0934529516,0.0601448541,0.148223391,0.0934529516,,,,,,,,,-0.0128918056
425,0.0931887315,0.0604262163,0.148096626,0.0931887315,,,,,,,,,-0.0131734896
426,0.0927592484,0.0605991368,0.148211368,0.0927592484,,,,,,,,,-0.0134550608
427,0.0926714125,0.0606901936,0.149192224,0.0926714125,,,,,,,,,-0.0137391419
428,0.0929290235,0.0606976893,0.150341048,0.0929290235,,,,,,,,,-0.0140162763
429,0.0931663089,0.0608113032,0.151127385,0.0931663089,,,,,,,,,-0.014288726
430,0.0936952221,0.0609172568,0.151368531,0.0936952221,,,,,,,,,-0.0145654696
431,0.0935386506,0.060764488,0.15137475,0.0935386506,,,,,,,,,-0.0148245833
432,0.0939616138,0.0607794858,0.151977356,0.0939616138,,,,,,,,,-0.0150801617
433,0.0937955085,0.0608952134,0.152115225,0.0937955085,,,,,,,,,-0.01534662
434,0.0925849002,0.0610441913,0.152194004,0.0925849002,,,,,,,,,-0.0156020137
435,0.0918766743,0.0610914118,0.152108912,0.0918766743,,,,,,,,,-0.015853478
436,0.0916170324,0.0612007631,0.151865738,0.0916170324,,,,,,,,,-0.0160962459
437,0.0909236865,0.0611566669,0.151364957,0.0909236865,,,,,,,,,-0.0163317568
438,0.0896129849,0.0609202401,0.150491766,0.0896129849,,,,,,,,,-0.0165676361
439,0.0880731302,0.0606166044,0.148819597,0.0880731302,,,,,,,,,-0.0167960223
440,0.0867060385,0.0603842534,0.148317614,0.0867060385,,,,,,,,,-0.017040408
441,0.0845830528,0.0603950447,0.147863927,0.0845830528,,,,,,,,,-0.0172785003
442,0.0818791738,0.0603006907,0.146744081,0.0818791738,,,,,,,,,-0.0175192949
443,0.0799457941,0.0600564421,0.146082076,0.0799457941,,,,,,,,,-0.0177462007
444,0.0779479317,0.0596799785,0.145173691,0.0779479317,,,,,,,,,-0.0179726968
445,0.076996655,0.0595655712,0.144534856,0.076996655,,,,,,,,,-0.018219867
446,0.0756601352,0.0591263283,0.144101739,0.0756601352,,,,,,,,,-0.0184563231
447,0.0747732663,0.0586950375,0.14363176,0.0747732663,,,,,,,,,-0.0186879156
448,0.0725472005,0.0583955563,0.141971197,0.0725472005,,,,,,,,,-0.0189220395
449,0.0700726746,0.0577210526,0.140132623,0.0700726746,,,,,,,,,-0.0191714202
450,0.0675911219,0.0570396736,0.138448432,0.0675911219,,,,,,,,,-0.0193990787
451,0.0651172034,0.0564323254,0.136703975,0.0651172034,,,,,,,,,-0.0196415094
452,0.0619676848,0.0557023036,0.135109942,0.0619676848,,,,,,,,,-0.0198695928
453,0.0590558606,0.0546179383,0.132891896,0.0590558606,,,,,,,,,-0.0200993851
454,0.0554577788,0.0537355047,0.130474907,0.0554577788,,,,,,,,,-0.0203394379
455,0.0511799729,0.0528346893,0.127802407,0.0511799729,,,,,,,,,-0.0205563707
456,0.0475277164,0.0518299634,0.125051423,0.0475277164,,,,,,,,,-0.0207910468
457,0.0443986582,0.0507638245,0.122187321,0.0443986582,,,,,,,,,-0.0210239661
458,0.0409436509,0.0496686682,0.119111257,0.0409436509,,,,,,,,,-0.0212517291
459,0.0376065353,0.0486393252,0.115806205,0.0376065353,,,,,,,,,-0.021474858
460,0.0345306787,0.047830228,0.113071597,0.0345306787,,,,,,,,,-0.0216992979
461,0.0303602399,0.0469243518,0.109675314,0.0303602399,,,,,,,,,-0.0219252705
462,0.0268943765,0.0461239641,0.106887124,0.0268943765,,,,,,,,,-0.0221555686
463,0.0222603388,0.0457201202,0.103890545,0.0222603388,,,,,,,,,-0.0223715307
464,0.0175827229,0.0453526939,0.101240981,0.0175827229,,,,,,,,,-0.0225866729
465,0.0141952706,0.0449823288,0.0989463598,0.0141952706,,,,,,,,,-0.0228001136
466,0.0106220003,0.0445039356,0.0963908609,0.0106220003,,,,,,,,,-0.0230094714
467,0.00694894904,0.0436035079,0.0938001466,0.00694894904,,,,,,,,,-0.0232020607
468,0.00320340845,0.0428413049,0.0913601149,0.00320340845,,,,,,,,,-0.0234051421
469,-0.00105407412,0.0421641223,0.0886539839,-0.00105407412,,,,,,,,,-0.0236073196
470,-0.00562685422,0.0413990198,0.0861034158,-0.00562685422,,,,,,,,,-0.0238233888
471,-0.00949831262,0.0406591534,0.0825390591,-0.00949831262,,,,,,,,,-0.0240249309
472,-0.0148948483,0.0400057473,0.0783196659,-0.0148948483,,,,,,,,,-0.0242334582
473,-0.0187317282,0.0393775767,0.0752107137,-0.0187317282,,,,,,,,,-0.0244461798
474,-0.0225604934,0.0381519876,0.0726833021,-0.0225604934,,,,,,,,,-0.0246488595
475,-0.0263805723,0.0376515149,0.0705462025,-0.0263805723,,,,,,,,,-0.0248357812
476,-0.0293598729,0.0372701113,0.0680652378,-0.0293598729,,,,,,,,,-0.0250349584
477,-0.0325532896,0.0368797374,0.0657887919,-0.0325532896,,,,,,,,,-0.0252473134
478,-0.035830515,0.0371209459,0.0639773083,-0.035830515,,,,,,,,,-0.0254704596
479,-0.0393955645,0.0368027167,0.061664024,-0.0393955645,,,,,,,,,-0.025680927
480,-0.0429962709,0.0364911856,0.0601111242,-0.0429962709,,,,,,,,,-0.0258846679
481,-0.0466898122,0.0362932921,0.0583669661,-0.0466898122,,,,,,,,,-0.0260868578
482,-0.0499021793,0.0360788837,0.0574435009,-0.0499021793,,,,,,,,,-0.0262905856
483,-0.0530507306,0.0357076771,0.0559063673,-0.0530507306,,,,,,,,,-0.0264878114
484,-0.0557587115,0.034977618,0.0550319276,-0.0557587115,,,,,,,,,-0.0266941298
485,-0.0582318573,0.0345531016,0.0551936935,-0.0582318573,,,,,,,,,-0.0269136673
486,-0.060452921,0.0348086036,0.0546842975,-0.060452921,,,,,,,,,-0.0271225437
487,-0.0634848793,0.0347143137,0.0540837953,-0.0634848793,,,,,,,,,-0.0273258848
488,-0.0663962984,0.0346415883,0.0533276275,-0.0663962984,,,,,,,,,-0.0275452857
489,-0.0694023041,0.034720614,0.0527910254,-0.0694023041,,,,,,,,,-0.0277566051
490,-0.0723680291,0.0347393323,0.0526644657,-0.0723680291,,,,,,,,,-0.0279711507
491,-0.0755996616,0.0347293125,0.0521496857,-0.0755996616,,,,,,,,,-0.0281783118
492,-0.0787000761,0.0346744987,0.0523459831,-0.0787000761,,,,,,,,,-0.0283803362
493,-0.0813232128,0.0348839002,0.0524657978,-0.0813232128,,,,,,,,,-0.0285934393
494,-0.0839343457,0.035134468,0.0520851634,-0.0839343457,,,,,,,,,-0.0288079612
495,-0.0870532066,0.0351931568,0.052476444,-0.0870532066,,,,,,,,,-0.0290076445
496,-0.0891474748,0.0352050285,0.0531250557,-0.0891474748,,,,,,,,,-0.0292232603
497,-0.0910843562,0.0352713401,0.0532926331,-0.0910843562,,,,,,,,,-0.0294355727
498,-0.0927941628,0.0355512839,0.0536905181,-0.0927941628,,,,,,,,,-0.0296556523
499,-0.0947736777,0.0360874075,0.0536319579,-0.0947736777,,,,,,,,,-0.0298745237
500,-0.0974201718,0.0361103206,0.0549238042,-0.0974201718,,,,,,,,,-0.0300855281
501,-0.0998190645,0.0361372439,0.0562134146,-0.0998190645,,,,,,,,,-0.0303042083
502,-0.10201914,0.0360268958,0.0568652837,-0.10201914,,,,,,,,,-0.0305120743
503,-0.103415729,0.0354457426,0.0576761586,-0.103415729,,,,,,,,,-0.0307197644
504,-0.104872081,0.0352041398,0.0581964906,-0.104872081,,,,,,,,,-0.0309180771
505,-0.106760101,0.0351567276,0.0591360992,-0.106760101,,,,,,,,,-0.0311148259
506,-0.107605491,0.035107724,0.0605652272,-0.107605491,,,,,,,,,-0.031307629
507,-0.108189103,0.0350980126,0.0619664636,-0.108189103,,,,,,,,,-0.0315133045
508,-0.109264425,0.0353764276,0.0633825825,-0.109264425,,,,,,,,,-0.031720199
509,-0.11024174,0.0359811793,0.0641781792,-0.11024174,,,,,,,,,-0.0319493266
510,-0.111203383,0.0364017,0.0648189555,-0.111203383,,,,,,,,,-0.0321541501
511,-0.112495438,0.0367640127,0.0659852659,-0.112495438,,,,,,,,,-0.0323624857
512,-0.113708208,0.03700249,0.0662168529,-0.113708208,,,,,,,,,-0.0325771963
513,-0.115004757,0.0371350953,0.066324506,-0.115004757,,,,,,,,,-0.0327889476
514,-0.115953894,0.0372022884,0.0664452037,-0.115953894,,,,,,,,,-0.0330055208
515,-0.115955813,0.0373728968,0.066768842,-0.115955813,,,,,,,,,-0.0332226005
516,-0.115999269,0.0374971185,0.0676709844,-0.115999269,,,,,,,,,-0.033433438
517,-0.116273971,0.0375243304,0.0685406783,-0.116273971,,,,,,,,,-0.0336547683
518,-0.116508459,0.0377464752,0.0682129633,-0.116508459,,,,,,,,,-0.0338713681
519,-0.117458157,0.0377307473,0.0686221309,-0.117458157,,,,,,,,,-0.034078321
520,-0.118235782,0.0376034654,0.0697755751,-0.118235782,,,,,,,,,-0.034287684
521,-0.119207568,0.0375550166,0.0705524044,-0.119207568,,,,,,,,,-0.0345113677
522,-0.120369006,0.0376190369,0.0712370632,-0.120369006,,,,,,,,,-0.0347363966
523,-0.121536701,0.0375498434,0.0725295786,-0.121536701,,,,,,,,,-0.0349433493
524,-0.1223601,0.0374049912,0.0729548734,-0.1223601,,,,,,,,,-0.0351596105
525,-0.121734502,0.0373124459,0.0726249539,-0.121734502,,,,,,,,,-0.0353641554
526,-0.121601736,0.0372631729,0.0726667172,-0.121601736,,,,,,,,,-0.0355771391
527,-0.12251683,0.0373096776,0.0727924908,-0.12251683,,,,,,,,,-0.035797415
528,-0.121662479,0.0372223817,0.0735329219,-0.121662479,,,,,,,,,-0.0360251156
529,-0.122485342,0.0371745363,0.0741142481,-0.122485342,,,,,,,,,-0.0362438413
530,-0.122166485,0.0371602019,0.0754789128,-0.122166485,,,,,,,,,-0.0364768853
531,-0.121847011,0.0372206081,0.0758469042,-0.121847011,,,,,,,,,-0.0367056092
532,-0.121687239,0.0373846662,0.0757332863,-0.121687239,,,,,,,,,-0.0369250594
533,-0.122595291,0.0377299,0.0757074076,-0.122595291,,,,,,,,,-0.0371635384
534,-0.122641483,0.0379185046,0.0757570706,-0.122641483,,,,,,,,,-0.0373792866
535,-0.122764022,0.0380272627,0.0755765865,-0.122764022,,,,,,,,,-0.0375906575
536,-0.122944083,0.0380597281,0.0746398338,-0.122944083,,,,,,,,,-0.0378084567
537,-0.123146162,0.0381820968,0.0736896504,-0.123146162,,,,,,,,,-0.0380123075
538,-0.123256764,0.0382918424,0.0732305768,-0.123256764,,,,,,,,,-0.0382114159
539,-0.123272721,0.038125198,0.0727367704,-0.123272721,,,,,,,,,-0.0384268067
540,-0.123285158,0.0378511231,0.0728185689,-0.123285158,,,,,,,,,-0.0386442531
541,-0.123508109,0.0376057758,0.0731452163,-0.123508109,,,,,,,,,-0.0388651076
542,-0.123645851,0.0375817905,0.0742214988,-0.123645851,,,,,,,,,-0.0390780011
543,-0.123421245,0.0378126855,0.0753976803,-0.123421245,,,,,,,,,-0.0392958514
544,-0.12334228,0.0380065362,0.076105234,-0.12334228,,,,,,,,,-0.0394971903
545,-0.124334685,0.0383146474,0.0767402543,-0.124334685,,,,,,,,,-0.0397067534
546,-0.124355512,0.0384544887,0.0774825351,-0.124355512,,,,,,,,,-0.0399158258
547,-0.12458374,0.0386217254,0.0774288737,-0.12458374,,,,,,,,,-0.0401185807
548,-0.125470294,0.0383760575,0.0771802802,-0.125470294,,,,,,,,,-0.0403278098
549,-0.12627294,0.0381832318,0.0770410293,-0.12627294,,,,,,,,,-0.0405437337
550,-0.126399601,0.0382214919,0.0770936685,-0.126399601,,,,,,,,,-0.0407513233
551,-0.12616802,0.0382731861,0.0771456435,-0.12616802,,,,,,,,,-0.0409633161
552,-0.125551319,0.0382276777,0.0769474526,-0.125551319,,,,,,,,,-0.0411771658
553,-0.124554932,0.0382216395,0.0768520389,-0.124554932,,,,,,,,,-0.0413861366
554,-0.123865684,0.0382298571,0.0760640731,-0.123865684,,,,,,,,,-0.0415987698
555,-0.124205936,0.0382434165,0.0759471136,-0.124205936,,,,,,,,,-0.0418060733
556,-0.124161938,0.0383542097,0.0759995941,-0.124161938,,,,,,,,,-0.0420192542
557,-0.123758012,0.0383007102,0.0761087967,-0.123758012,,,,,,,,,-0.0422425798
558,-0.123719164,0.0383082216,0.0753266276,-0.123719164,,,,,,,,,-0.0424694151
559,-0.124076748,0.0381302535,0.0751467548,-0.124076748,,,,,,,,,-0.042690386
560,-0.123816243,0.0378852273,0.0755189203,-0.123816243,,,,,,,,,-0.0429148919
561,-0.123609607,0.0376805645,0.0757454357,-0.123609607,,,,,,,,,-0.0431372167
562,-0.12333295,0.0373371325,0.0753449729,-0.12333295,,,,,,,,,-0.0433534142
563,-0.12350636,0.0370454925,0.0746656083,-0.12350636,,,,,,,,,-0.0435676731
564,-0.123646868,0.036925264,0.0737734444,-0.123646868,,,,,,,,,-0.0437736447
565,-0.124132229,0.0367990344,0.0732070097,-0.124132229,,,,,,,,,-0.0439867311
566,-0.123365891,0.0368652263,0.0738828776,-0.123365891,,,,,,,,,-0.0442027149
567,-0.123801585,0.0371912065,0.074271442,-0.123801585,,,,,,,,,-0.0444241318
568,-0.123880633,0.0375537293,0.0752851201,-0.123880633,,,,,,,,,-0.0446559789
569,-0.124354638,0.0376310254,0.0755854308,-0.124354638,,,,,,,,,-0.0448697249
570,-0.124717251,0.0377622917,0.0762728773,-0.124717251,,,,,,,,,-0.0450796014
571,-0.124300613,0.0377618851,0.0755461356,-0.124300613,,,,,,,,,-0.0453002842
572,-0.123418456,0.0375007021,0.0750257315,-0.123418456,,,,,,,,,-0.0455244176
573,-0.122723844,0.0370134693,0.0750147025,-0.122723844,,,,,,,,,-0.0457357271
574,-0.122842532,0.036788549,0.0755134795,-0.122842532,,,,,,,,,-0.0459526669
575,-0.122255349,0.0367140819,0.0757604042,-0.122255349,,,,,,,,,-0.0461648288
576,-0.121950013,0.0365994679,0.0762779706,-0.121950013,,,,,,,,,-0.0463731203
577,-0.122782378,0.0366700479,0.0764080442,-0.122782378,,,,,,,,,-0.0465825083
578,-0.123238796,0.0367196528,0.0758761844,-0.123238796,,,,,,,,,-0.046786123
579,-0.123825597,0.0367436758,0.0757596555,-0.123825597,,,,,,,,,-0.0469844257
580,-0.124906476,0.0367413233,0.0756862857,-0.124906476,,,,,,,,,-0.0471949091
581,-0.12478908,0.0366169717,0.0756093762,-0.12478908,,,,,,,,,-0.0474126516
582,-0.124275954,0.0365596711,0.075188342,-0.124275954,,,,,,,,,-0.0476178567
583,-0.123728633,0.0366052072,0.0749372049,-0.123728633,,,,,,,,,-0.047800562
584,-0.123586196,0.0365140708,0.0748950129,-0.123586196,,,,,,,,,-0.0480145221
585,-0.123497195,0.0363636247,0.0747831786,-0.123497195,,,,,,,,,-0.0482181367
586,-0.123550854,0.0362772666,0.0747786597,-0.123550854,,,,,,,,,-0.0484194983
587,-0.12253413,0.0365002908,0.0750316346,-0.12253413,,,,,,,,,-0.0486290472
588,-0.122180228,0.0363513221,0.0758259277,-0.122180228,,,,,,,,,-0.0488331641
589,-0.122269806,0.0360973068,0.0768095141,-0.122269806,,,,,,,,,-0.0490525875
590,-0.122166044,0.0360727411,0.0769046622,-0.122166044,,,,,,,,,-0.0492726107
591,-0.121963841,0.0361299217,0.0766604883,-0.121963841,,,,,,,,,-0.0494647247
592,-0.121690452,0.0362109739,0.0766124405,-0.121690452,,,,,,,,,-0.0496685259
593,-0.121946722,0.0362906649,0.0765528359,-0.121946722,,,,,,,,,-0.0498705276
594,-0.121912137,0.0363452026,0.0772919987,-0.121912137,,,,,,,,,-0.0500884129
595,-0.1218205,0.0364829089,0.0775705143,-0.1218205,,,,,,,,,-0.0502921924
596,-0.121917092,0.0365572014,0.0768707269,-0.121917092,,,,,,,,,-0.0504940632
597,-0.122134565,0.0364390998,0.0761857104,-0.122134565,,,,,,,,,-0.0507046106
598,-0.123090133,0.0363429176,0.0755345695,-0.123090133,,,,,,,,,-0.0509240832
599,-0.124168886,0.0363335073,0.0746817858,-0.124168886,,,,,,,,,-0.051132432
600,-0.124539461,0.0361682091,0.074144386,-0.124539461,,,,,,,,,-0.0513352156
601,-0.124538034,0.036005187,0.0737300968,-0.124538034,,,,,,,,,-0.0515375182
602,-0.124580511,0.0359400948,0.0731012233,-0.124580511,,,,,,,,,-0.0517374211
603,-0.124085564,0.0358761199,0.0734471989,-0.124085564,,,,,,,,,-0.0519362538
604,-0.123463329,0.0358987568,0.0739474502,-0.123463329,,,,,,,,,-0.0521472901
605,-0.122918486,0.0358080467,0.0737401982,-0.122918486,,,,,,,,,-0.052361517
606,-0.122209439,0.0357579232,0.0735767312,-0.122209439,,,,,,,,,-0.0525679685
607,-0.123116217,0.0356681095,0.0732605769,-0.123116217,,,,,,,,,-0.0527758162
608,-0.123139191,0.0354376072,0.0730095808,-0.123139191,,,,,,,,,-0.0529911373
609,-0.123005975,0.0351222892,0.0727444837,-0.123005975,,,,,,,,,-0.0531962942
610,-0.122720079,0.034960577,0.0725751535,-0.122720079,,,,,,,,,-0.0534109985
611,-0.122628991,0.0349805531,0.0729392553,-0.122628991,,,,,,,,,-0.0536253381
612,-0.122480839,0.034879786,0.0734735565,-0.122480839,,,,,,,,,-0.0538353061
613,-0.122699219,0.0348418802,0.0742686958,-0.122699219,,,,,,,,,-0.0540426177
614,-0.123222762,0.0348751845,0.0744645591,-0.123222762,,,,,,,,,-0.0542466458
615,-0.124074933,0.034870737,0.074778265,-0.124074933,,,,,,,,,-0.0544508637
616,-0.12404124,0.034878631,0.0745229092,-0.12404124,,,,,,,,,-0.0546512453
617,-0.123816754,0.034883512,0.0747242086,-0.123816754,,,,,,,,,-0.0548596546
618,-0.123740796,0.0351793132,0.0749219732,-0.123740796,,,,,,,,,-0.0550630106
619,-0.124356104,0.0354927037,0.0753489995,-0.124356104,,,,,,,,,-0.0552621381
620,-0.124942491,0.0358906676,0.0757240241,-0.124942491,,,,,,,,,-0.0554763623
621,-0.124950121,0.0361205996,0.0760917861,-0.124950121,,,,,,,,,-0.0556953517
622,-0.124846519,0.0362074537,0.075668128,-0.124846519,,,,,,,,,-0.0559030496
623,-0.12441468,0.0361459063,0.0753512681,-0.12441468,,,,,,,,,-0.0561254168
624,-0.124495476,0.0359830496,0.0742801272,-0.124495476,,,,,,,,,-0.0563383777
625,-0.12423972,0.0358806439,0.0738768428,-0.12423972,,,,,,,,,-0.0565579847
626,-0.124019595,0.0357696645,0.0738523022,-0.124019595,,,,,,,,,-0.0567610247
627,-0.123714618,0.0355978408,0.0736997876,-0.123714618,,,,,,,,,-0.056957091
628,-0.123238662,0.0355644932,0.073332507,-0.123238662,,,,,,,,,-0.0571615256
629,-0.12279684,0.0355423847,0.0721952309,-0.12279684,,,,,,,,,-0.0573588822
630,-0.122042523,0.0355163379,0.071554464,-0.122042523,,,,,,,,,-0.0575639535
631,-0.121156536,0.0355646511,0.070970655,-0.121156536,,,,,,,,,-0.0577849539
632,-0.120024473,0.0351384384,0.0706019942,-0.120024473,,,,,,,,,-0.0579818694
633,-0.119227714,0.0351817513,0.0711979574,-0.119227714,,,,,,,,,-0.0581917944
634,-0.119009342,0.0353594581,0.0722622208,-0.119009342,,,,,,,,,-0.0583841812
635,-0.118923404,0.0351291774,0.0725200339,-0.118923404,,,,,,,,,-0.0585941471
636,-0.119081822,0.0348293159,0.0729093954,-0.119081822,,,,,,,,,-0.0588242211
637,-0.119664267,0.0347376091,0.0730574261,-0.119664267,,,,,,,,,-0.0590466506
638,-0.119394761,0.0346062454,0.073291627,-0.119394761,,,,,,,,,-0.0592636069
639,-0.118012026,0.0352702558,0.0738597296,-0.118012026,,,,,,,,,-0.0594863256
640,-0.118197748,0.0360231618,0.0738707291,-0.118197748,,,,,,,,,-0.0597042166
641,-0.117877352,0.0364776835,0.0745743115,-0.117877352,,,,,,,,,-0.0599199419
642,-0.117519532,0.0367857926,0.0744242567,-0.117519532,,,,,,,,,-0.0601281222
643,-0.11685148,0.0370204146,0.0742213847,-0.11685148,,,,,,,,,-0.0603341056
644,-0.116324657,0.0370063806,0.0741873811,-0.116324657,,,,,,,,,-0.0605655233
645,-0.116916372,0.0375024778,0.074395873,-0.116916372,,,,,,,,,-0.0607869493
646,-0.11723918,0.0382226819,0.0741957994,-0.11723918,,,,,,,,,-0.061011835
647,-0.116569439,0.0387543065,0.0739759062,-0.116569439,,,,,,,,,-0.0612195261
648,-0.115788602,0.0387264076,0.0738139692,-0.115788602,,,,,,,,,-0.0614508425
649,-0.114446333,0.0386669798,0.0731121277,-0.114446333,,,,,,,,,-0.061675594
650,-0.114024511,0.0388854776,0.0722670855,-0.114024511,,,,,,,,,-0.0618969128
651,-0.113677118,0.0388366973,0.0719024565,-0.113677118,,,,,,,,,-0.0621173711
652,-0.1131677,0.0388626501,0.0718325262,-0.1131677,,,,,,,,,-0.0623288566
653,-0.112298604,0.038492857,0.0715296983,-0.112298604,,,,,,,,,-0.062533943
654,-0.11185409,0.0382877715,0.0711309543,-0.11185409,,,,,,,,,-0.0627534204
655,-0.110908478,0.0380953001,0.0720119775,-0.110908478,,,,,,,,,-0.0629615606
656,-0.109951137,0.037990862,0.072269594,-0.109951137,,,,,,,,,-0.0631809212
657,-0.110205023,0.0378591986,0.0721283329,-0.110205023,,,,,,,,,-0.0634059578
658,-0.110831213,0.0373324631,0.072467495,-0.110831213,,,,,,,,,-0.0636070649
659,-0.111911142,0.037862168,0.0726134732,-0.111911142,,,,,,,,,-0.0638208747
660,-0.112546575,0.0378473502,0.0727557135,-0.112546575,,,,,,,,,-0.0640367019
661,-0.112142951,0.0381424081,0.0727265804,-0.112142951,,,,,,,,,-0.0642399167
662,-0.112090851,0.0385331994,0.0725921347,-0.112090851,,,,,,,,,-0.0644478269
663,-0.111993432,0.0389140801,0.0726471684,-0.111993432,,,,,,,,,-0.064641594
664,-0.111410809,0.0392183888,0.0726534782,-0.111410809,,,,,,,,,-0.0648221502
665,-0.110940428,0.0396794883,0.0724478092,-0.110940428,,,,,,,,,-0.0650362139
666,-0.110776229,0.0400699822,0.0732222677,-0.110776229,,,,,,,,,-0.0652424312
667,-0.110847494,0.0407483171,0.0730703618,-0.110847494,,,,,,,,,-0.0654565533
668,-0.111613936,0.0408397327,0.0721751785,-0.111613936,,,,,,,,,-0.0656564968
669,-0.111573691,0.0410075339,0.0712637298,-0.111573691,,,,,,,,,-0.0658714073
670,-0.110382855,0.0408527505,0.0716493521,-0.110382855,,,,,,,,,-0.0660936831
671,-0.108049519,0.040172311,0.071149338,-0.108049519,,,,,,,,,-0.0663000718
672,-0.106741309,0.0398162127,0.0708724193,-0.106741309,,,,,,,,,-0.0665259149
673,-0.106287137,0.0396975101,0.0711604609,-0.106287137,,,,,,,,,-0.066730342
674,-0.105430496,0.03950307,0.0707176675,-0.105430496,,,,,,,,,-0.0669604755
675,-0.105316786,0.0392607914,0.0708662959,-0.105316786,,,,,,,,,-0.0671824544
676,-0.105264062,0.0386433783,0.0715031253,-0.105264062,,,,,,,,,-0.0673692656
677,-0.104684676,0.0392741455,0.0703917471,-0.104684676,,,,,,,,,-0.0675479305
678,-0.104080673,0.0392947879,0.0694088321,-0.104080673,,,,,,,,,-0.0677623736
679,-0.103961459,0.0396171235,0.0695161843,-0.103961459,,,,,,,,,-0.0679701578
680,-0.104953043,0.0402295301,0.0695542171,-0.104953043,,,,,,,,,-0.0681827749
681,-0.105438816,0.0406833299,0.0692492939,-0.105438816,,,,,,,,,-0.0683913143
682,-0.105226827,0.0401928726,0.0687255779,-0.105226827,,,,,,,,,-0.0686191164
683,-0.104172506,0.0398810984,0.0693473518,-0.104172506,,,,,,,,,-0.0688380032
684,-0.103180033,0.040344795,0.0694125753,-0.103180033,,,,,,,,,-0.0690562991
685,-0.103025986,0.0408130935,0.0690624769,-0.103025986,,,,,,,,,-0.0692289945
686,-0.102362655,0.0401517001,0.0684471441,-0.102362655,,,,,,,,,-0.0694529294
687,-0.101399494,0.0409632906,0.0685913866,-0.101399494,,,,,,,,,-0.0696449914
688,-0.100610254,0.0422877396,0.0670298138,-0.100610254,,,,,,,,,-0.0698674192
689,-0.0999507477,0.0430674244,0.066913355,-0.0999507477,,,,,,,,,-0.0700769801
690,-0.0994398308,0.0434352311,0.0672812629,-0.0994398308,,,,,,,,,-0.0702917365
691,-0.0985677509,0.0435989849,0.067472153,-0.0985677509,,,,,,,,,-0.0704897464
692,-0.0975055021,0.0448237667,0.067998531,-0.0975055021,,,,,,,,,-0.0707481955
693,-0.0961896752,0.0451477174,0.068131185,-0.0961896752,,,,,,,,,-0.0709400845
694,-0.0948236226,0.0448206588,0.0682811695,-0.0948236226,,,,,,,,,-0.0711347171
695,-0.092749692,0.0443259058,0.0687876502,-0.092749692,,,,,,,,,-0.0713297694
696,-0.0915885803,0.0446882463,0.0691111811,-0.0915885803,,,,,,,,,-0.0715626772
697,-0.0908661575,0.0447166636,0.0695941581,-0.0908661575,,,,,,,,,-0.0717443374
698,-0.0900143432,0.0441852423,0.0697953116,-0.0900143432,,,,,,,,,-0.0719623751
699,-0.089005611,0.0444667381,0.0704559399,-0.089005611,,,,,,,,,-0.0721676703
700,-0.088975873,0.0457132858,0.0690581168,-0.088975873,,,,,,,,,-0.0723772221
701,-0.0883474726,0.0460276616,0.0689005879,-0.0883474726,,,,,,,,,-0.0725801688
702,-0.0877620252,0.0454497408,0.0695342254,-0.0877620252,,,,,,,,,-0.0727349576
703,-0.0868708339,0.0448867778,0.0709630715,-0.0868708339,,,,,,,,,-0.0729126126
704,-0.0875210581,0.0452303353,0.07084011,-0.0875210581,,,,,,,,,-0.0731125227
705,-0.0888308394,0.0460026249,0.070280478,-0.0888308394,,,,,,,,,-0.0733197665
706,-0.0891817643,0.045195639,0.0692603615,-0.0891817643,,,,,,,,,-0.0735274278
707,-0.089382326,0.0458361905,0.0696816472,-0.089382326,,,,,,,,,-0.0737542295
708,-0.0882178533,0.0464342229,0.0695438395,-0.0882178533,,,,,,,,,-0.0739289726
709,-0.0891800256,0.0466781667,0.0692282758,-0.0891800256,,,,,,,,,-0.0741482985
710,-0.0896529062,0.0470595149,0.0690194317,-0.0896529062,,,,,,,,,-0.0743381428
711,-0.0897147658,0.0467072251,0.0681411647,-0.0897147658,,,,,,,,,-0.0745419555
712,-0.0887095965,0.0462128542,0.0672901535,-0.0887095965,,,,,,,,,-0.0747296836
713,-0.0887445779,0.0466013446,0.067900777,-0.0887445779,,,,,,,,,-0.0749512493
714,-0.0885179813,0.0466024721,0.0679490721,-0.0885179813,,,,,,,,,-0.0751531874
715,-0.0877155364,0.0468197586,0.0679869895,-0.0877155364,,,,,,,,,-0.0753230543
716,-0.0877262284,0.0464955025,0.0678852166,-0.0877262284,,,,,,,,,-0.0755355223
717,-0.0872569631,0.0462727841,0.0679128363,-0.0872569631,,,,,,,,,-0.075739592
718,-0.0854827299,0.0457688226,0.0675402239,-0.0854827299,,,,,,,,,-0.0759207997
719,-0.08508598,0.0451075005,0.0687376847,-0.08508598,,,,,,,,,-0.0761239966
720,-0.0857806534,0.0441607562,0.069647296,-0.0857806534,,,,,,,,,-0.07631287
721,-0.0858408253,0.0436544801,0.0701161965,-0.0858408253,,,,,,,,,-0.076528805
722,-0.0860893984,0.0439081024,0.0703594108,-0.0860893984,,,,,,,,,-0.0767218483
723,-0.0860592678,0.0437297251,0.0708929461,-0.0860592678,,,,,,,,,-0.076953824
724,-0.0859988875,0.0443060533,0.0706361793,-0.0859988875,,,,,,,,,-0.0771553759
725,-0.0862093018,0.0440969365,0.0693940611,-0.0862093018,,,,,,,,,-0.0772476813
726,-0.0875325891,0.0443939896,0.068294212,-0.0875325891,,,,,,,,,-0.0775505983
727,-0.0877118264,0.044185753,0.0677450436,-0.0877118264,,,,,,,,,-0.0777505968
728,-0.0877816819,0.0450441031,0.0674245149,-0.0877816819,,,,,,,,,-0.0778754129
729,-0.0882055269,0.0455883937,0.0668822497,-0.0882055269,,,,,,,,,-0.0779735073
730,-0.0876938979,0.0457636045,0.0668321323,-0.0876938979,,,,,,,,,-0.0781331656
731,-0.0871197167,0.0451665439,0.0667168088,-0.0871197167,,,,,,,,,-0.0782876218
732,-0.0867300158,0.0439474167,0.0676721173,-0.0867300158,,,,,,,,,-0.0783773617
733,-0.0852268403,0.0442137984,0.0683622936,-0.0852268403,,,,,,,,,-0.078715466
734,-0.0845526983,0.0440702754,0.0676767892,-0.0845526983,,,,,,,,,-0.078778997
735,-0.083264549,0.0446215084,0.0678800219,-0.083264549,,,,,,,,,-0.078998663
736,-0.0806523567,0.0448019281,0.0679481347,-0.0806523567,,,,,,,,,-0.0791255346
737,-0.0773887054,0.0446991412,0.069465091,-0.0773887054,,,,,,,,,-0.0793449071
738,-0.0750881496,0.0437331408,0.0708487566,-0.0750881496,,,,,,,,,-0.0794817444
739,-0.0739354957,0.0441944412,0.0715996203,-0.0739354957,,,,,,,,,-0.0796625602
740,-0.0733852042,0.046522301,0.07282348,-0.0733852042,,,,,,,,,-0.0797218768
741,-0.0734939212,0.047568736,0.0734271154,-0.0734939212,,,,,,,,,-0.0798750623
742,-0.0740546563,0.0486429021,0.0749489777,-0.0740546563,,,,,,,,,-0.0801047675
743,-0.0730192193,0.049175809,0.0743542974,-0.0730192193,,,,,,,,,-0.080523998
744,-0.0722816548,0.0502014577,0.0751291958,-0.0722816548,,,,,,,,,-0.0802933276
745,-0.0707241995,0.050006684,0.0752086303,-0.0707241995,,,,,,,,,-0.0804776635
746,-0.0691015844,0.0501283048,0.074995344,-0.0691015844,,,,,,,,,-0.0807769923
747,-0.0696576804,0.0509455716,0.075094238,-0.0696576804,,,,,,,,,-0.0810176931
748,-0.0707453869,0.0519740096,0.0752984299,-0.0707453869,,,,,,,,,-0.0812176548
749,-0.0707508462,0.0507701932,0.0755601852,-0.0707508462,,,,,,,,,-0.0815064751
750,-0.0709338982,0.0516065691,0.0757865157,-0.0709338982,,,,,,,,,-0.0817431165
751,-0.0711106503,0.0523531199,0.0769450211,-0.0711106503,,,,,,,,,-0.0819353014
752,-0.073122453,0.05325176,0.0764487816,-0.073122453,,,,,,,,,-0.0820451443
753,-0.0742436209,0.0543847824,0.0776105972,-0.0742436209,,,,,,,,,-0.0823433594
754,-0.0755020578,0.0564519287,0.0776951373,-0.0755020578,,,,,,,,,-0.0821239203
755,-0.0758940372,0.0565263709,0.0782069708,-0.0758940372,,,,,,,,,-0.082168822
756,-0.0759311181,0.0558734424,0.0796200609,-0.0759311181,,,,,,,,,-0.0823407948
757,-0.0771646955,0.0541169111,0.0796459406,-0.0771646955,,,,,,,,,-0.0824745909
758,-0.0763461948,0.0537990296,0.0792705735,-0.0763461948,,,,,,,,,-0.0826317013
759,-0.0772722367,0.0525132626,0.0790198883,-0.0772722367,,,,,,,,,-0.0828046623
760,-0.0798603385,0.05248497,0.081304983,-0.0798603385,,,,,,,,,-0.0829714253
761,-0.0831240766,0.0535278044,0.0811275921,-0.0831240766,,,,,,,,,-0.0831423352
762,-0.085884928,0.054255949,0.0798942232,-0.085884928,,,,,,,,,-0.0832902415
763,-0.08690276,0.0540299287,0.0814910682,-0.08690276,,,,,,,,,-0.0833120406
764,-0.0873912061,0.0564921871,0.0828734628,-0.0873912061,,,,,,,,,-0.0832865611
765,-0.0880012961,0.0587193593,0.0840592626,-0.0880012961,,,,,,,,,-0.0832377629
766,-0.0886558164,0.0619338204,0.0867841225,-0.0886558164,,,,,,,,,-0.0831079514
767,-0.088353628,0.0615224486,0.0870318907,-0.088353628,,,,,,,,,-0.0832280339
768,-0.0895712299,0.0597933473,0.0893324099,-0.0895712299,,,,,,,,,-0.0840447191
769,-0.0889786653,0.0585907062,0.0900811223,-0.0889786653,,,,,,,,,-0.0842377695
770,-0.0894903642,0.0579981086,0.0911258742,-0.0894903642,,,,,,,,,-0.0847648707
771,-0.0905748279,0.0576006766,0.0914996124,-0.0905748279,,,,,,,,,-0.0849239312
772,-0.0905173855,0.0586103139,0.0904515674,-0.0905173855,,,,,,,,,-0.0856281031
773,-0.0904378743,0.0590831249,0.0918468149,-0.0904378743,,,,,,,,,-0.0856858872
774,-0.0910431139,0.0591343948,0.093404364,-0.0910431139,,,,,,,,,-0.0859083578
775,-0.0890524841,0.0616232305,0.0944961326,-0.0890524841,,,,,,,,,-0.085370461
776,-0.0878862973,0.0644453974,0.0945164057,-0.0878862973,,,,,,,,,-0.0854591372
777,-0.0866240732,0.0677933624,0.0960159257,-0.0866240732,,,,,,,,,-0.0859139788
778,-0.0865019349,0.0694215487,0.0962078481,-0.0865019349,,,,,,,,,-0.0860434169
779,-0.0871936955,0.0714314387,0.0967223415,-0.0871936955,,,,,,,,,-0.0850595097
780,-0.0866611084,0.0732488224,0.0976460552,-0.0866611084,,,,,,,,,-0.0851855031
781,-0.0862769769,0.0743011988,0.098951352,-0.0862769769,,,,,,,,,-0.0852040678
782,-0.0878423375,0.0766634672,0.100114414,-0.0878423375,,,,,,,,,-0.0853738722
783,-0.0896476572,0.0768932613,0.0998750837,-0.0896476572,,,,,,,,,-0.0857617774
784,-0.0905902661,0.076132957,0.0991672368,-0.0905902661,,,,,,,,,-0.0857947496
785,-0.0928796002,0.0772275202,0.100133492,-0.0928796002,,,,,,,,,-0.0859897501
786,-0.0942752173,0.0774326907,0.1002621,-0.0942752173,,,,,,,,,-0.0860382403
787,-0.0940731139,0.0766898187,0.101534593,-0.0940731139,,,,,,,,,-0.0860205422
788,-0.0949370717,0.0762864778,0.103536315,-0.0949370717,,,,,,,,,-0.08608545
789,-0.0969206879,0.0776308804,0.105901817,-0.0969206879,,,,,,,,,-0.0860211137
790,-0.0965349227,0.0768098879,0.106580377,-0.0965349227,,,,,,,,,-0.0872001775
791,-0.0980986804,0.0777902894,0.106926361,-0.0980986804,,,,,,,,,-0.0872915068
792,-0.0978546156,0.0788985896,0.108739978,-0.0978546156,,,,,,,,,-0.0873828285
793,-0.0987610514,0.0763566032,0.109185892,-0.0987610514,,,,,,,,,-0.0875094465
794,-0.100720373,0.0735408497,0.10981981,-0.100720373,,,,,,,,,-0.0875878251
795,-0.10067543,0.0704067422,0.109323381,-0.10067543,,,,,,,,,-0.0869198149
796,-0.100408929,0.0699042393,0.110084508,-0.100408929,,,,,,,,,-0.0870793516
797,-0.101859128,0.0681458865,0.110268661,-0.101859128,,,,,,,,,-0.0873052749
798,-0.104075184,0.0638563025,0.109391749,-0.104075184,,,,,,,,,-0.0874679985
799,-0.10586603,0.0604855134,0.107983616,-0.10586603,,,,,,,,,-0.08752636
800,-0.108281802,0.0586804819,0.107283529,-0.108281802,,,,,,,,,-0.0874452719
801,-0.108704114,0.0595233677,0.10675135,-0.108704114,,,,,,,,,-0.0872802606
802,-0.108985281,0.0602096067,0.108458857,-0.108985281,,,,,,,,,-0.087423896
803,-0.110423908,0.0565093438,0.105585476,-0.110423908,,,,,,,,,-0.0877340136
804,-0.111339722,0.0564850187,0.105190221,-0.111339722,,,,,,,,,-0.0879284029
805,-0.117090697,0.0551976377,0.104674489,-0.117090697,,,,,,,,,-0.0879865586
806,-0.11853486,0.0547779384,0.104943958,-0.11853486,,,,,,,,,-0.087897243
807,-0.121715174,0.0555076757,0.107480655,-0.121715174,,,,,,,,,-0.0879259949
808,-0.1223403,0.0568434095,0.107746629,-0.1223403,,,,,,,,,-0.0868021665
809,-0.124753668,0.0554342061,0.10792148,-0.124753668,,,,,,,,,-0.0869834907
810,-0.127086189,0.0531809665,0.107135737,-0.127086189,,,,,,,,,-0.0863214524
811,-0.128960659,0.0538644213,0.106446346,-0.128960659,,,,,,,,,-0.0865197894
812,-0.13121915,0.0525468145,0.107546237,-0.13121915,,,,,,,,,-0.0870628543
813,-0.132451032,0.0514391182,0.107710536,-0.132451032,,,,,,,,,-0.0871937602
814,-0.133861952,0.0511993789,0.10804912,-0.133861952,,,,,,,,,-0.0872592458
815,-0.135499614,0.0520467724,0.110555822,-0.135499614,,,,,,,,,-0.0873637706
816,-0.135909412,0.0508443934,0.111760854,-0.135909412,,,,,,,,,-0.0873969455
817,-0.137643433,0.0502206542,0.112562324,-0.137643433,,,,,,,,,-0.0871762497
818,-0.13910842,0.0496370712,0.112654172,-0.13910842,,,,,,,,,-0.0872478558
819,-0.139647813,0.0506504426,0.112602589,-0.139647813,,,,,,,,,-0.0869665075
820,-0.139112113,0.0499067329,0.112985206,-0.139112113,,,,,,,,,-0.0869751784
821,-0.141297837,0.0499776355,0.113950242,-0.141297837,,,,,,,,,-0.087515543
822,-0.143674052,0.0494118812,0.11318973,-0.143674052,,,,,,,,,-0.0876993224
823,-0.14328317,0.049938154,0.114964588,-0.14328317,,,,,,,,,-0.0876484405
824,-0.143411194,0.0498245931,0.114955087,-0.143411194,,,,,,,,,-0.0876178631
825,-0.144756183,0.0505510511,0.116194105,-0.144756183,,,,,,,,,-0.0876502423
826,-0.147687021,0.0516274077,0.116321844,-0.147687021,,,,,,,,,-0.0877057643
827,-0.148527439,0.0531436223,0.118409558,-0.148527439,,,,,,,,,-0.0879788385
828,-0.148197338,0.0525167083,0.118042888,-0.148197338,,,,,,,,,-0.0877301052
829,-0.14872046,0.0500257035,0.117479137,-0.14872046,,,,,,,,,-0.0880276463
830,-0.148339027,0.0482356578,0.119763341,-0.148339027,,,,,,,,,-0.0878184151
831,-0.148394265,0.0480677167,0.121560517,-0.148394265,,,,,,,,,-0.0876440712
832,-0.149102364,0.0486209177,0.121560938,-0.149102364,,,,,,,,,-0.0873119508
833,-0.150876295,0.0475754533,0.121868596,-0.150876295,,,,,,,,,-0.0878465385
834,-0.152579088,0.0494466825,0.122633825,-0.152579088,,,,,,,,,-0.0879733039
835,-0.154660821,0.0497325646,0.123835247,-0.154660821,,,,,,,,,-0.0880495802
836,-0.155375243,0.0521765408,0.124671737,-0.155375243,,,,,,,,,-0.0879661897
837,-0.154403998,0.0552554972,0.125645407,-0.154403998,,,,,,,,,-0.0880128879
838,-0.152326644,0.0561575937,0.126481618,-0.152326644,,,,,,,,,-0.0870305436
839,-0.152183456,0.0572794262,0.127696496,-0.152183456,,,,,,,,,-0.0867147103
840,-0.151948703,0.0605021623,0.129552409,-0.151948703,,,,,,,,,-0.0872588783
841,-0.15034624,0.0629350295,0.127477798,-0.15034624,,,,,,,,,-0.0861601469
842,-0.149064213,0.0650369734,0.129433278,-0.149064213,,,,,,,,,-0.085970091
843,-0.151023166,0.067374578,0.130542359,-0.151023166,,,,,,,,,-0.0858563447
844,-0.151382047,0.0683214555,0.129142089,-0.151382047,,,,,,,,,-0.0858402616
845,-0.153151373,0.0670756186,0.127956873,-0.153151373,,,,,,,,,-0.0862585206
846,-0.152759948,0.0678364749,0.127807134,-0.152759948,,,,,,,,,-0.0864633498
847,-0.152805266,0.0682991132,0.129205229,-0.152805266,,,,,,,,,-0.0865825923
848,-0.153465407,0.0692847768,0.129495475,-0.153465407,,,,,,,,,-0.0864471157
849,-0.153622452,0.0702676154,0.12938075,-0.153622452,,,,,,,,,-0.086457606
850,-0.152962839,0.0706530394,0.129993703,-0.152962839,,,,,,,,,-0.0862968637
851,-0.152041058,0.0690282167,0.131123962,-0.152041058,,,,,,,,,-0.0870659007
852,-0.151317909,0.0698619408,0.131790922,-0.151317909,,,,,,,,,-0.0871015941
853,-0.150316903,0.0711519823,0.133224608,-0.150316903,,,,,,,,,-0.0869394791
854,-0.150212083,0.0695758768,0.134805745,-0.150212083,,,,,,,,,-0.0871815126
855,-0.15042683,0.0695128107,0.136116534,-0.15042683,,,,,,,,,-0.0863631543
856,-0.150563349,0.069360866,0.13661902,-0.150563349,,,,,,,,,-0.0859908513
857,-0.150245554,0.0680758463,0.137080362,-0.150245554,,,,,,,,,-0.0856678712
858,-0.150190153,0.0668766856,0.137590088,-0.150190153,,,,,,,,,-0.0857444898
859,-0.153235853,0.0658061511,0.140385923,-0.153235853,,,,,,,,,-0.0854521877
860,-0.155879731,0.0648641668,0.14114644,-0.155879731,,,,,,,,,-0.08359187
861,-0.158208145,0.0637868575,0.140686503,-0.158208145,,,,,,,,,-0.083370407
862,-0.159112549,0.0616063049,0.141102881,-0.159112549,,,,,,,,,-0.0832189897
863,-0.160070492,0.0603221352,0.141151021,-0.160070492,,,,,,,,,-0.0828833775
864,-0.161217196,0.0587871078,0.140604968,-0.161217196,,,,,,,,,-0.082633937
865,-0.161987691,0.0580597812,0.141478353,-0.161987691,,,,,,,,,-0.0805573969
866,-0.162377517,0.058557266,0.14142295,-0.162377517,,,,,,,,,-0.0798541509
867,-0.162024009,0.0600934741,0.140861664,-0.162024009,,,,,,,,,-0.0804933843
868,-0.160303377,0.060534056,0.141000913,-0.160303377,,,,,,,,,-0.0793997389
869,-0.157626846,0.0626852438,0.141843783,-0.157626846,,,,,,,,,-0.0786810128
870,-0.156872115,0.0636577408,0.141609667,-0.156872115,,,,,,,,,-0.0793734411
871,-0.156248383,0.0641598479,0.14334626,-0.156248383,,,,,,,,,-0.0779432445
872,-0.159632852,0.0613391851,0.144394693,-0.159632852,,,,,,,,,-0.0773700297
873,-0.157841926,0.0628595273,0.145402561,-0.157841926,,,,,,,,,-0.0777968218
874,-0.159462041,0.0638746298,0.146144123,-0.159462041,,,,,,,,,-0.0777380899
875,-0.158134156,0.0648112452,0.14690725,-0.158134156,,,,,,,,,-0.0775551251
876,-0.156517228,0.0631551826,0.148328566,-0.156517228,,,,,,,,,-0.0783363518
877,-0.152434782,0.0643265058,0.149825651,-0.152434782,,,,,,,,,-0.0782740174
878,-0.147964842,0.0661974024,0.150593906,-0.147964842,,,,,,,,,-0.0782468128
879,-0.146361719,0.0662090285,0.151348706,-0.146361719,,,,,,,,,-0.0775583548
880,-0.144621063,0.0690565054,0.153006052,-0.144621063,,,,,,,,,-0.077041014
881,-0.141813511,0.0723664358,0.15535738,-0.141813511,,,,,,,,,-0.0776205992
882,-0.138102613,0.0739831742,0.15757423,-0.138102613,,,,,,,,,-0.0779145326
883,-0.136766086,0.0781414293,0.158658276,-0.136766086,,,,,,,,,-0.0804762037
884,-0.133209769,0.0824076783,0.159758028,-0.133209769,,,,,,,,,-0.0801212507
885,-0.128465411,0.0880481494,0.163652214,-0.128465411,,,,,,,,,-0.0803203408
886,-0.126023509,0.0926989894,0.169159467,-0.126023509,,,,,,,,,-0.0798704235
887,-0.121435452,0.0977677634,0.174579168,-0.121435452,,,,,,,,,-0.0783531649
888,-0.117214604,0.102637745,0.179272902,-0.117214604,,,,,,,,,-0.0778132271
889,-0.113939604,0.104831683,0.181186452,-0.113939604,,,,,,,,,-0.0773869116
890,-0.112444623,0.108129034,0.182883319,-0.112444623,,,,,,,,,-0.0776667833
891,-0.108266329,0.11113539,0.185163171,-0.108266329,,,,,,,,,-0.0775658603
892,-0.10660196,0.119011115,0.186209091,-0.10660196,,,,,,,,,-0.0758826199
893,-0.10658873,0.125991146,0.18747822,-0.10658873,,,,,,,,,-0.0736123481
894,-0.105484618,0.131509246,0.188927883,-0.105484618,,,,,,,,,-0.0735956338
895,-0.102096565,0.137093238,0.192447701,-0.102096565,,,,,,,,,-0.0744739503
896,-0.100347979,0.138609933,0.194417748,-0.100347979,,,,,,,,,-0.0748140063
897,-0.0993778305,0.13981375,0.19627654,-0.0993778305,,,,,,,,,-0.073866309
898,-0.100675932,0.146915996,0.197549516,-0.100675932,,,,,,,,,-0.0723847285
899,-0.0978287911,0.149600819,0.20071247,-0.0978287911,,,,,,,,,-0.0716366915
900,-0.0983044606,0.143226341,0.200212298,-0.0983044606,,,,,,,,,-0.0731724503
901,-0.0980396461,0.147722091,0.202357965,-0.0980396461,,,,,,,,,-0.0716746643
902,-0.0973639548,0.148568889,0.204872862,-0.0973639548,,,,,,,,,-0.0701876549
903,-0.0966454911,0.151291957,0.20398319,-0.0966454911,,,,,,,,,-0.0697304429
904,-0.0917562302,0.154526725,0.206314515,-0.0917562302,,,,,,,,,-0.0699103038
905,-0.0869035499,0.154622699,0.208189519,-0.0869035499,,,,,,,,,-0.0696401974
906,-0.0871121335,0.153568188,0.20672939,-0.0871121335,,,,,,,,,-0.0690714084
907,-0.0870874486,0.158896584,0.207266983,-0.0870874486,,,,,,,,,-0.0706336366
908,-0.0891215706,0.162151498,0.208492903,-0.0891215706,,,,,,,,,-0.0703627535
909,-0.090435471,0.162716438,0.210755965,-0.090435471,,,,,,,,,-0.0707417498
910,-0.0916354611,0.157063009,0.211295683,-0.0916354611,,,,,,,,,-0.0710484459
911,-0.093419535,0.156623109,0.211607426,-0.093419535,,,,,,,,,-0.0702739139
912,-0.0956968173,0.157476464,0.213340423,-0.0956968173,,,,,,,,,-0.0702312832
913,-0.0974306066,0.158143522,0.212123397,-0.0974306066,,,,,,,,,-0.0689297883
914,-0.0955877091,0.180722854,0.213023174,-0.0955877091,,,,,,,,,-0.0705736911
915,-0.0952659945,0.179339738,0.215845248,-0.0952659945,,,,,,,,,-0.0689409979
916,-0.0955522198,0.176984338,0.217907486,-0.0955522198,,,,,,,,,-0.0706418581
917,-0.0929607582,0.173525627,0.21779506,-0.0929607582,,,,,,,,,-0.0708015148
918,-0.092799754,0.17255241,0.21791443,-0.092799754,,,,,,,,,-0.0713422178
919,-0.0896392882,0.174904432,0.220009528,-0.0896392882,,,,,,,,,-0.067864671
920,-0.0887006613,0.175676136,0.221423152,-0.0887006613,,,,,,,,,-0.0657335859
921,-0.0820449337,0.176819881,0.224505687,-0.0820449337,,,,,,,,,-0.065024633
922,-0.0805392335,0.180758261,0.228556702,-0.0805392335,,,,,,,,,-0.0622116845
923,-0.0782856524,0.112965498,0.228030385,-0.0782856524,,,,,,,,,-0.0614964914
924,-0.0759328091,0.11220999,0.22917877,-0.0759328091,,,,,,,,,-0.0660977463
925,-0.0761215002,0.113457273,0.229729986,-0.0761215002,,,,,,,,,-0.0655520559
926,-0.0778213022,0.116870114,0.234138372,-0.0778213022,,,,,,,,,-0.0653213354
927,-0.0778471865,0.117838491,0.236117097,-0.0778471865,,,,,,,,,-0.0690703081
928,-0.0773848424,0.117935284,0.235311296,-0.0773848424,,,,,,,,,-0.0673433558
929,-0.0733963928,0.122527894,0.235515722,-0.0733963928,,,,,,,,,-0.0678980349
930,-0.0678719784,0.128907114,0.236489257,-0.0678719784,,,,,,,,,-0.0784373164
931,-0.0634084524,0.135178475,0.239635973,-0.0634084524,,,,,,,,,-0.0793579676
932,-0.0511307348,0.142494083,0.242954851,-0.0511307348,,,,,,,,,-0.0806688938
933,-0.0421966523,0.149524944,0.249395679,-0.0421966523,,,,,,,,,-0.0881391879
934,-0.037405533,0.153110913,0.252736933,-0.037405533,,,,,,,,,-0.0852009571
935,-0.0329276622,0.156562168,0.253619834,-0.0329276622,,,,,,,,,-0.0852632911
936,-0.0282537184,0.161907682,0.256885764,-0.0282537184,,,,,,,,,-0.0856524668
937,-0.0169637313,0.165059326,0.260260762,-0.0169637313,,,,,,,,,-0.0877067121
938,-0.0133240705,0.170446841,0.26459441,-0.0133240705,,,,,,,,,-0.0871823368
939,-0.00975194864,0.181539707,0.269166532,-0.00975194864,,,,,,,,,-0.0876782257
940,-0.00524913896,0.190867758,0.273586494,-0.00524913896,,,,,,,,,-0.0882772919
941,0.00512255205,0.202319206,0.279873183,0.00512255205,,,,,,,,,-0.0889035147
942,0.0142212455,0.216725728,0.284408983,0.0142212455,,,,,,,,,-0.090392468
943,0.0177818006,0.226594679,0.282605938,0.0177818006,,,,,,,,,-0.0910524414
944,0.0215439547,0.236618354,0.288714767,0.0215439547,,,,,,,,,-0.0917375804
945,0.0232241257,0.235821114,0.290243414,0.0232241257,,,,,,,,,-0.0924427277
946,0.0274330701,0.2368257,0.292537556,0.0274330701,,,,,,,,,-0.0908873006
947,0.0342062767,0.231535016,0.296005884,0.0342062767,,,,,,,,,-0.0974507895
948,0.0434078069,0.252938585,0.304500008,0.0434078069,,,,,,,,,-0.0976569262
949,0.0498430741,0.260712755,0.311471209,0.0498430741,,,,,,,,,-0.097878761
950,0.0524349641,0.256686001,0.313506368,0.0524349641,,,,,,,,,-0.0981169718
951,0.056873227,0.252690379,0.311637236,0.056873227,,,,,,,,,-0.0983695494
952,0.0542999848,0.254759706,0.311844038,0.0542999848,,,,,,,,,-0.0986327194
953,0.0531386113,0.257881068,0.313479647,0.0531386113,,,,,,,,,-0.0989028972
954,0.0568406048,0.259325661,0.31603518,0.0568406048,,,,,,,,,-0.0991783666
955,0.0620012437,0.26766687,0.320819651,0.0620012437,,,,,,,,,-0.0994596882
956,0.0652587388,0.281072177,0.319943132,0.0652587388,,,,,,,,,-0.0662491882
957,0.0614187832,0.275503712,0.318851284,0.0614187832,,,,,,,,,-0.0662532122
958,0.0598075225,0.2703491,0.314385001,0.0598075225,,,,,,,,,-0.0662338139
959,0.0563562063,0.265846707,0.312118896,0.0563562063,,,,,,,,,-0.0661424752
960,0.052740756,0.25470821,0.308720062,0.052740756,,,,,,,,,-0.0660554793
961,0.0501333843,0.235125513,0.308613031,0.0501333843,,,,,,,,,-0.0659721842
962,0.0509808812,0.221486361,0.305833587,0.0509808812,,,,,,,,,-0.0555879373
963,0.0483291335,0.224883661,0.303854288,0.0483291335,,,,,,,,,-0.0553117056
964,0.0485837247,0.223990293,0.301829641,0.0485837247,,,,,,,,,-0.0550142616
965,0.0500506314,0.228080082,0.303584902,0.0500506314,,,,,,,,,-0.0546976615
966,0.0567626136,0.235713234,0.306114336,0.0567626136,,,,,,,,,-0.0543646016
967,0.0591196144,0.243499733,0.307788189,0.0591196144,,,,,,,,,-0.0540184064
968,0.0622824093,0.239811237,0.313477698,0.0622824093,,,,,,,,,
969,0.0642347688,0.23697919,0.317408501,0.0642347688,,,,,,,,,
970,0.0669317431,0.235492012,0.317912731,0.0669317431,,,,,,,,,
971,0.0710732637,0.238621001,0.317217858,0.0710732637,,,,,,,,,
972,0.0770865594,0.240514873,0.321000639,0.0770865594,,,,,,,,,
973,0.0803617607,0.241578152,0.322799847,0.0803617607,,,,,,,,,
974,0.0836930367,0.248387689,0.328132918,0.0836930367,,,,,,,,,
975,0.0862496861,0.259576386,0.329412632,0.0862496861,,,,,,,,,
976,0.0913610771,0.253529643,0.335575971,0.0913610771,,,,,,,,,
977,0.0883327081,0.248152871,0.335985987,0.0883327081,,,,,,,,,
978,0.085591426,0.2424921,0.332595234,0.085591426,,,,,,,,,
979,0.080920353,0.230834933,0.326742226,0.080920353,,,,,,,,,
980,0.0792535092,0.222018468,0.324541092,0.0792535092,,,,,,,,,
981,0.0763039485,0.205829894,0.318603745,0.0763039485,,,,,,,,,
982,0.0690820767,0.191248781,0.315212718,0.0690820767,,,,,,,,,
983,0.063438971,0.18170832,0.312144275,0.063438971,,,,,,,,,
984,0.0578760746,0.179163279,0.302917419,0.0578760746,,,,,,,,,
985,0.0568113036,0.173136078,0.29944812,0.0568113036,,,,,,,,,
986,0.0519697619,0.168512244,0.297828874,0.0519697619,,,,,,,,,
987,0.0497930131,0.164951227,0.293310047,0.0497930131,,,,,,,,,
988,0.0447803052,0.154120346,0.286658953,0.0447803052,,,,,,,,,
989,0.0415961855,0.14992198,0.283655393,0.0415961855,,,,,,,,,
990,0.0328886656,0.141335172,0.266262716,0.0328886656,,,,,,,,,
991,0.0263858451,0.123118429,0.25456108,0.0263858451,,,,,,,,,
992,0.0371327354,0.12055714,0.248751273,0.0371327354,,,,,,,,,
993,0.0327382749,0.113253388,0.239647475,0.0327382749,,,,,,,,,
994,0.0242752995,0.101517406,0.236468454,0.0242752995,,,,,,,,,
995,0.0109135414,0.0995100336,0.229876256,0.0109135414,,,,,,,,,
996,0.000861242993,0.0939258216,0.224547616,0.000861242993,,,,,,,,,
997,-0.00916252152,0.0899711675,0.217680772,-0.00916252152,,,,,,,,,
998,-0.0167734712,0.0846601518,0.210160581,-0.0167734712,,,,,,,,,
999,-0.0233641257,0.0806127328,0.20392706,-0.0233641257,,,,,,,,,
1000,-0.0348924229,0.0755152631,0.19919701,-0.0348924229,,,,,,,,,
1001,-0.0451847293,0.071310007,0.194451843,-0.0451847293,,,,,,,,,
1002,-0.0523008754,0.0670552051,0.190736479,-0.0523008754,,,,,,,,,
1003,-0.0564882575,0.0665920679,0.188393528,-0.0564882575,,,,,,,,,
1004,-0.066456249,0.067030541,0.183158311,-0.066456249,,,,,,,,,
1005,-0.0698216271,0.0644258543,0.182207006,-0.0698216271,,,,,,,,,
1006,-0.0720538319,0.0615821266,0.180932554,-0.0720538319,,,,,,,,,
1007,-0.0748783133,0.0611451056,0.178600652,-0.0748783133,,,,,,,,,
1008,-0.076415703,0.0601379321,0.175988611,-0.076415703,,,,,,,,,
1009,-0.0759568025,0.0551445856,0.173395327,-0.0759568025,,,,,,,,,
1010,-0.0766781954,0.0524162842,0.170434588,-0.0766781954,,,,,,,,,
1011,-0.0838984587,0.0437658367,0.165450635,-0.0838984587,,,,,,,,,
1012,-0.0888320021,0.0408593735,0.163058956,-0.0888320021,,,,,,,,,
1013,-0.0922176255,0.0405622192,0.159051825,-0.0922176255,,,,,,,,,
1014,-0.0927379579,0.0408625474,0.154901724,-0.0927379579,,,,,,,,,
1015,-0.0943612902,0.04025326,0.155601591,-0.0943612902,,,,,,,,,
1016,-0.0969849027,0.034472164,0.15227485,-0.0969849027,,,,,,,,,
1017,-0.0987098462,0.0317829114,0.149840835,-0.0987098462,,,,,,,,,
1018,-0.105957286,0.0249682672,0.142009673,-0.105957286,,,,,,,,,
1019,-0.108177022,0.0184010737,0.139428012,-0.108177022,,,,,,,,,
1020,-0.107675989,0.0146069391,0.136698024,-0.107675989,,,,,,,,,
1021,-0.106353049,0.01347985,0.132686194,-0.106353049,,,,,,,,,
1022,-0.108437035,0.0124973767,0.130043921,-0.108437035,,,,,,,,,
1023,-0.107974147,0.009511948,0.127827083,-0.107974147,,,,,,,,,
1024,-0.109317348,0.00528909098,0.125602905,-0.109317348,,,,,,,,,
1025,-0.109858131,0.00250158071,0.121452242,-0.109858131,,,,,,,,,
1026,-0.11115427,-0.00132290517,0.11694219,-0.11115427,,,,,,,,,
1027,-0.112466344,-0.00347890221,0.113524882,-0.112466344,,,,,,,,,
1028,-0.11409205,-0.00384262185,0.111321726,-0.11409205,,,,,,,,,
1029,-0.115292936,-0.00579136009,0.107813586,-0.115292936,,,,,,,,,
1030,-0.11858076,-0.0115037973,0.103905603,-0.11858076,,,,,,,,,
1031,-0.120228175,-0.0148589199,0.101576725,-0.120228175,,,,,,,,,
1032,-0.123192844,-0.0185252426,0.0993535349,-0.123192844,,,,,,,,,
1033,-0.126128138,-0.0218134255,0.0983324088,-0.126128138,,,,,,,,,
1034,-0.127940468,-0.0216786741,0.0980929161,-0.127940468,,,,,,,,,
1035,-0.129741476,-0.0233028272,0.0966415526,-0.129741476,,,,,,,,,
1036,-0.130388416,-0.0248354467,0.094883877,-0.130388416,,,,,,,,,
1037,-0.130922356,-0.0265801948,0.0913501509,-0.130922356,,,,,,,,,
1038,-0.129527309,-0.027502319,0.0903400125,-0.129527309,,,,,,,,,
1039,-0.130094386,-0.0266465685,0.0891172353,-0.130094386,,,,,,,,,
1040,-0.12908801,-0.0264432841,0.0892219455,-0.12908801,,,,,,,,,
1041,-0.129104589,-0.027643627,0.0890430962,-0.129104589,,,,,,,,,
1042,-0.128114968,-0.0267796518,0.0882117441,-0.128114968,,,,,,,,,
1043,-0.127681364,-0.0268684991,0.0878878183,-0.127681364,,,,,,,,,
1044,-0.128142392,-0.026535355,0.0876957333,-0.128142392,,,,,,,,,
1045,-0.129098995,-0.0265040683,0.086223704,-0.129098995,,,,,,,,,
1046,-0.130323961,-0.0270160188,0.0851931566,-0.130323961,,,,,,,,,
1047,-0.1326943,-0.0309312607,0.083038815,-0.1326943,,,,,,,,,
1048,-0.132908199,-0.0347407838,0.0824644839,-0.132908199,,,,,,,,,
1049,-0.132904647,-0.0365686457,0.0802881795,-0.132904647,,,,,,,,,
1050,-0.134513614,-0.0389742027,0.0773461799,-0.134513614,,,,,,,,,
1051,-0.13498331,-0.0381159836,0.076221048,-0.13498331,,,,,,,,,
1052,-0.135015128,-0.0395394371,0.0759362596,-0.135015128,,,,,,,,,
1053,-0.135193985,-0.0308448395,0.0751250861,-0.135193985,,,,,,,,,
1054,-0.135634593,-0.0284920929,0.0769846345,-0.135634593,,,,,,,,,
1055,-0.140852051,-0.0578462855,0.0683195569,-0.140852051,,,,,,,,,
1056,-0.140103849,-0.0733664099,0.063437465,-0.140103849,,,,,,,,,
1057,-0.139487011,-0.0733511071,0.062046686,-0.139487011,,,,,,,,,
1058,-0.141655171,-0.0752982517,0.0593529321,-0.141655171,,,,,,,,,
1059,-0.139874082,-0.0758372832,0.0570572467,-0.139874082,,,,,,,,,
1060,-0.139282757,-0.0762624603,0.0574508504,-0.139282757,,,,,,,,,
1061,-0.141034111,-0.076240497,0.0555985412,-0.141034111,,,,,,,,,
1062,-0.141524202,-0.0761384293,0.0539346153,-0.141524202,,,,,,,,,
1063,-0.14800028,-0.0827780095,0.0482780305,-0.14800028,,,,,,,,,
1064,-0.148011585,-0.0829229446,0.0483432758,-0.148011585,,,,,,,,,
1065,-0.147440951,-0.0843088402,0.0475835909,-0.147440951,,,,,,,,,
1066,-0.146709273,-0.0854200036,0.0463605322,-0.146709273,,,,,,,,,
1067,-0.145270821,-0.0921533775,0.0461655602,-0.145270821,,,,,,,,,
1068,-0.148325986,-0.0987233838,0.0436370367,-0.148325986,,,,,,,,,
1069,-0.148107421,-0.100964156,0.0418273774,-0.148107421,,,,,,,,,
1070,-0.148856576,-0.101061097,0.0398177476,-0.148856576,,,,,,,,,
1071,-0.149344768,-0.100999372,0.0397198442,-0.149344768,,,,,,,,,
1072,-0.149658181,-0.100879918,0.0394435064,-0.149658181,,,,,,,,,
1073,-0.148226206,-0.100022184,0.0399528985,-0.148226206,,,,,,,,,
1074,-0.148330142,-0.100076896,0.0397273122,-0.148330142,,,,,,,,,
1075,-0.148450021,-0.101428815,0.039197658,-0.148450021,,,,,,,,,
1076,-0.148515774,-0.103980923,0.0381913038,-0.148515774,,,,,,,,,
1077,-0.148172222,-0.104338816,0.0380263013,-0.148172222,,,,,,,,,
1078,-0.148810176,-0.104614196,0.0381753453,-0.148810176,,,,,,,,,
1079,-0.149323195,-0.105196005,0.0361983044,-0.149323195,,,,,,,,,
1080,-0.14844169,-0.104913277,0.035576832,-0.14844169,,,,,,,,,
1081,-0.149206859,-0.106846543,0.0345918643,-0.149206859,,,,,,,,,
1082,-0.149679291,-0.110153537,0.0328338709,-0.149679291,,,,,,,,,
1083,-0.149919897,-0.112262714,0.0325777173,-0.149919897,,,,,,,,,
1084,-0.150350595,-0.111408361,0.0319503587,-0.150350595,,,,,,,,,
1085,-0.149801285,-0.111600444,0.0321764097,-0.149801285,,,,,,,,,
1086,-0.134884031,-0.116506046,0.0427333261,-0.134884031,,,,,,,,,
1087,-0.134974314,-0.116520574,0.043010246,-0.134974314,,,,,,,,,
1088,-0.136724903,-0.117821034,0.0419118006,-0.136724903,,,,,,,,,
1089,-0.126600116,-0.110234364,0.0471726315,-0.126600116,,,,,,,,,
1090,-0.129190645,-0.109976027,0.0448885185,-0.129190645,,,,,,,,,
1091,-0.127786027,-0.1148831,0.0440910823,-0.127786027,,,,,,,,,
1092,-0.12657172,-0.115039517,0.0436988534,-0.12657172,,,,,,,,,
1093,-0.125878592,-0.112871713,0.0431784764,-0.125878592,,,,,,,,,
1094,-0.126974339,-0.115285069,0.0413352717,-0.126974339,,,,,,,,,
1095,-0.128038422,-0.114516838,0.0407036029,-0.128038422,,,,,,,,,
1096,-0.132375181,-0.123299,0.035320152,-0.132375181,,,,,,,,,
1097,-0.127950733,-0.115092621,0.0407077323,-0.127950733,,,,,,,,,
1098,-0.130486895,-0.12217741,0.0356716409,-0.130486895,,,,,,,,,
1099,-0.129352213,-0.122758886,0.0351966795,-0.129352213,,,,,,,,,
1100,-0.128556006,-0.119703482,0.034583614,-0.128556006,,,,,,,,,
1101,-0.128643284,-0.119228835,0.0346047389,-0.128643284,,,,,,,,,
1102,-0.132296069,-0.122895813,0.0325073377,-0.132296069,,,,,,,,,
1103,-0.134163293,-0.124436886,0.0314734418,-0.134163293,,,,,,,,,
1104,-0.132281012,-0.121958762,0.0351902666,-0.132281012,,,,,,,,,
1105,-0.1424125,-0.129226788,0.0270127434,-0.1424125,,,,,,,,,
1106,-0.143370978,-0.129664253,0.0266708148,-0.143370978,,,,,,,,,
1107,-0.143982837,-0.146126129,0.0269819738,-0.143982837,,,,,,,,,
1108,-0.146399651,-0.152636926,0.0261241385,-0.146399651,,,,,,,,,
1109,-0.147717283,-0.154749447,0.0236070061,-0.147717283,,,,,,,,,
1110,-0.148205136,-0.159295274,0.021100099,-0.148205136,,,,,,,,,
1111,-0.135244076,-0.115711446,0.029176567,-0.135244076,,,,,,,,,
1112,-0.136134321,-0.11607604,0.0273375382,-0.136134321,,,,,,,,,
1113,-0.135605061,-0.116148461,0.0269124457,-0.135605061,,,,,,,,,
1114,-0.134370354,-0.115486709,0.0271194273,-0.134370354,,,,,,,,,
1115,-0.13236854,-0.114082839,0.0312470455,-0.13236854,,,,,,,,,
1116,-0.132201684,-0.112286852,0.0326819561,-0.132201684,,,,,,,,,
1117,-0.133130121,-0.0557656103,0.0309151387,-0.133130121,,,,,,,,,
1118,-0.134469001,-0.0554257942,0.0299753764,-0.134469001,,,,,,,,,
1119,-0.133645454,-0.0553105975,0.0293654147,-0.133645454,,,,,,,,,
1120,-0.133145463,-0.0550948826,0.0285418237,-0.133145463,,,,,,,,,
1121,-0.131827492,-0.05340758,0.0292509953,-0.131827492,,,,,,,,,
1122,-0.130201551,-0.0471055129,0.0296161222,-0.130201551,,,,,,,,,
1123,-0.131260699,-0.0503401929,0.0275340606,-0.131260699,,,,,,,,,
1124,-0.131227672,-0.0470787451,0.0293131191,-0.131227672,,,,,,,,,
1125,-0.133013102,-0.0436844617,0.0274531176,-0.133013102,,,,,,,,,
1126,-0.153065845,-0.0569644992,0.00924788263,-0.153065845,,,,,,,,,
1127,-0.152173244,-0.056860994,0.00905962063,-0.152173244,,,,,,,,,
1128,-0.142956897,-0.0551951554,0.0159155187,-0.142956897,,,,,,,,,
1129,-0.141671111,-0.0651938245,0.0175022938,-0.141671111,,,,,,,,,
1130,-0.14025977,-0.0744493159,0.00932482426,-0.14025977,,,,,,,,,
1131,-0.153652068,-0.072966896,0.0098653893,-0.153652068,,,,,,,,,
1132,-0.157401239,-0.0721286907,0.00808298235,-0.157401239,,,,,,,,,
1133,-0.157345666,-0.0793377318,0.00499359757,-0.157345666,,,,,,,,,
1134,-0.155968678,-0.0796197853,0.0046077095,-0.155968678,,,,,,,,,
1135,-0.157053876,-0.0922457115,0.00619964779,-0.157053876,,,,,,,,,
1136,-0.158395191,-0.103685707,0.000549459111,-0.158395191,,,,,,,,,
1137,-0.144748422,-0.0832811626,0.0153603552,-0.144748422,,,,,,,,,
1138,-0.148684297,-0.0839495241,0.0128641433,-0.148684297,,,,,,,,,
1139,-0.147164429,-0.0844502826,0.00865818158,-0.147164429,,,,,,,,,
1140,-0.149437652,-0.0895088873,0.00453016735,-0.149437652,,,,,,,,,
1141,-0.149284914,-0.0898506273,0.00521489142,-0.149284914,,,,,,,,,
1142,-0.154011014,-0.0884749854,0.00512061671,-0.154011014,,,,,,,,,
1143,-0.151596576,-0.0988955306,0.00102841458,-0.151596576,,,,,,,,,
1144,-0.158471169,-0.100238049,0.00290182467,-0.158471169,,,,,,,,,
1145,-0.160080145,-0.10635185,-0.00365505594,-0.160080145,,,,,,,,,
1146,-0.165907595,-0.107599032,-0.00668835938,-0.165907595,,,,,,,,,
1147,-0.170433604,-0.114502423,-0.0115579059,-0.170433604,,,,,,,,,
1148,-0.170407069,-0.114601973,-0.01086385,-0.170407069,,,,,,,,,
1149,-0.170180817,-0.112160743,-0.0113395865,-0.170180817,,,,,,,,,
1150,-0.172091934,-0.108051122,-0.00830186394,-0.172091934,,,,,,,,,
1151,-0.183550027,-0.125286499,-0.0147882274,-0.183550027,,,,,,,,,
1152,-0.192086073,-0.147584386,-0.0241464163,-0.192086073,,,,,,,,,
1153,-0.163303339,-0.113763335,-0.00156055837,-0.163303339,,,,,,,,,
1154,-0.162869534,-0.113710864,-0.00154234808,-0.162869534,,,,,,,,,
1155,-0.162559953,-0.113685989,-0.00265046027,-0.162559953,,,,,,,,,
1156,-0.169568757,-0.119149233,-0.0029964679,-0.169568757,,,,,,,,,
1157,-0.1706007,-0.118589532,-0.00278844828,-0.1706007,,,,,,,,,
1158,-0.17289391,-0.125156342,-0.00829904969,-0.17289391,,,,,,,,,
1159,-0.167642435,-0.101190001,0.000857458928,-0.167642435,,,,,,,,,
1160,-0.162564094,-0.102361142,-0.000356569844,-0.162564094,,,,,,,,,
1161,-0.172243395,-0.117544325,-0.0104108075,-0.172243395,,,,,,,,,
1162,-0.172266065,-0.117667938,-0.0105588148,-0.172266065,,,,,,,,,
1163,-0.172364717,-0.118282203,-0.0108724287,-0.172364717,,,,,,,,,
1164,-0.165011087,-0.105925782,-0.00543754456,-0.165011087,,,,,,,,,
1165,-0.165945281,-0.124733495,-0.0163707438,-0.165945281,,,,,,,,,
1166,-0.167835866,-0.121180766,-0.0165842171,-0.167835866,,,,,,,,,
1167,-0.16149248,-0.114610102,-0.0148038646,-0.16149248,,,,,,,,,
1168,-0.172157503,-0.133363693,-0.0254117971,-0.172157503,,,,,,,,,
1169,-0.172942226,-0.133287887,-0.0262292132,-0.172942226,,,,,,,,,
1170,-0.174384803,-0.135693767,-0.0273192786,-0.174384803,,,,,,,,,
1171,-0.200204753,-0.168525705,-0.04095423,-0.200204753,,,,,,,,,
1172,-0.203741386,-0.18923442,-0.0461292934,-0.203741386,,,,,,,,,
1173,-0.199179475,-0.18146813,-0.0454671364,-0.199179475,,,,,,,,,
1174,-0.209320888,-0.183392309,-0.0450413202,-0.209320888,,,,,,,,,
1175,-0.211823702,-0.159380207,-0.0445270492,-0.211823702,,,,,,,,,
1176,-0.256398261,-0.246234041,-0.0924264825,-0.256398261,,,,,,,,,
1177,-0.262826906,-0.250850928,-0.0946743796,-0.262826906,,,,,,,,,
1178,-0.260444448,-0.251803568,-0.0939186515,-0.260444448,,,,,,,,,
1179,-0.143541295,-0.249293191,-0.0315864905,-0.143541295,,,,,,,,,
1180,-0.142169073,-0.247433141,-0.0321674892,-0.142169073,,,,,,,,,
1181,-0.139819475,-0.242347345,-0.0323887526,-0.139819475,,,,,,,,,
1182,-0.138830661,-0.242424577,-0.0301977902,-0.138830661,,,,,,,,,
1183,-0.137442606,-0.242592686,-0.0302734368,-0.137442606,,,,,,,,,
1184,-0.136760698,-0.24469886,-0.0315861362,-0.136760698,,,,,,,,,
1185,-0.130946416,-0.238805854,-0.0301706318,-0.130946416,,,,,,,,,
1186,-0.122370804,-0.232034915,-0.0294186478,-0.122370804,,,,,,,,,
1187,-0.115033447,-0.220206563,-0.0191780869,-0.115033447,,,,,,,,,
1188,-0.159470725,-0.332081763,-0.0726274415,-0.159470725,,,,,,,,,
1189,-0.159513853,-0.331834289,-0.0728169391,-0.159513853,,,,,,,,,
1190,-0.162202407,-0.213281583,-0.0774588634,-0.162202407,,,,,,,,,
1191,-0.176221767,-0.216879652,-0.0870373036,-0.176221767,,,,,,,,,
1192,-0.176012591,-0.220989446,-0.0905116393,-0.176012591,,,,,,,,,
1193,-0.180520643,-0.23561594,-0.0892555417,-0.180520643,,,,,,,,,
1194,-0.117015628,-0.131826217,-0.0289842797,-0.117015628,,,,,,,,,
1195,-0.113247026,-0.127643057,-0.0212733047,-0.113247026,,,,,,,,,
1196,-0.108257746,-0.128476806,-0.0187198206,-0.108257746,,,,,,,,,
1197,-0.105302786,-0.129206074,-0.0193942573,-0.105302786,,,,,,,,,
1198,-0.105096813,-0.129756389,-0.0184718906,-0.105096813,,,,,,,,,
1199,-0.0989557978,-0.118130456,-0.0346582385,-0.0989557978,,,,,,,,,
1200,-0.0979506344,-0.118134949,-0.0358508118,-0.0979506344,,,,,,,,,
1201,-0.0933490269,-0.117884868,-0.0350449043,-0.0933490269,,,,,,,,,
1202,-0.0885979559,-0.111645483,-0.0327459212,-0.0885979559,,,,,,,,,
1203,-0.0863981681,-0.110963227,-0.0335192149,-0.0863981681,,,,,,,,,
1204,-0.0871916716,-0.110153036,-0.0329820522,-0.0871916716,,,,,,,,,
1205,-0.0783687902,-0.0885575722,-0.0200589707,-0.0783687902,,,,,,,,,
1206,-0.0720350139,-0.0736801734,-0.00449079509,-0.0720350139,,,,,,,,,
1207,-0.0737829425,-0.0322523073,0.0145157999,-0.0737829425,,,,,,,,,
1208,-0.0567865953,-0.0490227161,-0.00882323467,-0.0567865953,,,,,,,,,
1209,-0.0596798626,-0.0498459222,-0.00536759181,-0.0596798626,,,,,,,,,
1210,-0.064434606,-0.0505993573,-0.00365647451,-0.064434606,,,,,,,,,
1211,-0.0716832272,-0.0512291591,-0.0014959664,-0.0716832272,,,,,,,,,
1212,-0.0711945942,-0.0339725477,-0.000636415911,-0.0711945942,,,,,,,,,
1213,-0.0673418324,0.0132318711,0.00168369917,-0.0673418324,,,,,,,,,
1214,-0.0732475392,0.0120907503,0.00379046292,-0.0732475392,,,,,,,,,
1215,-0.0577275826,0.0137774864,0.00452214574,-0.0577275826,,,,,,,,,
1216,-0.0327815308,0.0158038217,0.0045790404,-0.0327815308,,,,,,,,,
1217,-0.031175355,0.0205637487,0.00258532468,-0.031175355,,,,,,,,,
1218,-0.0370618806,0.0268630464,-0.000846964438,-0.0370618806,,,,,,,,,
1219,-0.041188873,0.034127897,-0.00522877822,-0.041188873,,,,,,,,,
1220,-0.0210440401,0.0249159096,-0.0109811029,-0.0210440401,,,,,,,,,
1221,-0.0173218255,0.024899115,-0.0102575857,-0.0173218255,,,,,,,,,
1222,,0.0360659644,,,,,,,,,,,
