parameter,mesa,bittium,chaos,shhs
main_file_extension,.edf,.EDF,.dat,.edf
sleep_file_extension,.XML,,,.xml
ecg_raw_rate,256,500,500,125
ecg_upsample_rate,1000,1000,1000,1000
ppg_raw_rate,256,,125,
ppg_upsample_rate,500,,500,
cvp_raw_rate,,,125,
cvp_upsample_rate,,,125,
abp_raw_rate,,,125,
abp_upsample_rate,,,500,
art_raw_rate,,,125,
art_upsample_rate,,,500,
art_pulm_raw_rate,,,125,
art_pulm_upsample_rate,,,500,
accel_raw_rate,,25,,
accel_upsample_rate,,25,,
temp_raw_rate,,1,,
temp_upsample_rate,,1,,
marker_raw_rate,,1,,
marker_upsample_rate,,1,,
resp_raw_rate,,,62.5,
resp_upsample_rate,,,500,
pacemaker_event_raw_rate,,8,,
pacemaker_event_upsample_rate,,8,,
eeg_raw_rate,256,,,125
eeg_upsample_rate,1000,,,500
eogl_raw_rate,256,,,50
eogl_upsample_rate,500,,,500
eogr_raw_rate,256,,,50
eogr_upsample_rate,500,,,500
emg_raw_rate,256,,,125
emg_upsample_rate,500,,,500
pres_raw_rate,32,,,
pres_upsample_rate,32,,,
flow_raw_rate,32,,,10
flow_upsample_rate,32,,,32
snore_raw_rate,32,,,
snore_upsample_rate,32,,,
thor_raw_rate,32,,,10
thor_upsample_rate,32,,,32
abdo_raw_rate,32,,,10
abdo_upsample_rate,32,,,32
leg_raw_rate,32,,,
leg_upsample_rate,32,,,
auxac_raw_rate,32,,,
auxac_upsample_rate,32,,,
pos_raw_rate,32,,,1
pos_upsample_rate,32,,,1
therm_raw_rate,32,,,
therm_upsample_rate,32,,,
oxstatus_raw_rate,1,,,1
oxstatus_upsample_rate,1,,,1
spo2_raw_rate,1,,,1
spo2_upsample_rate,1,,,1
hr_raw_rate,1,,,1
hr_upsample_rate,1,,,1
dhr_raw_rate,256,,,
dhr_upsample_rate,500,,,
sleepstate_length,30,,,30
blanking_period,400,400,400,400
threshold,0.7,0.7,0.7,0.7
bin_size_minutes,15,15,15,15
morph_threshold_ecg,0.85,0.85,0.85,0.85
morph_threshold_ppg,0.8,0.8,0.8,0.8
pulse_qc_corr_floor,0.95,0.95,0.95,0.95
use_consensus_rpeak,TRUE,TRUE,TRUE,TRUE
notch_filter_hz,60,60,60,50
min_beats_template_ecg,8,8,8,8
min_beats_template_ppg,8,8,8,8
waveform_highpass_hz,0.5,0.5,0.5,0.5
region_around_Rpeak_for_morphology_split,30,30,30,30
region_around_PPGPeak_for_morphology_split,30,30,30,30
exclude_beat_after_ectopic,1,1,1,1
age,,,,
sex,,,,
weight_kg,,,,
height_cm,,,,
hr_rest,,,,
hr_max,,,,
original_file_path,,,,
output_folder,,,,
